age,S,S_new,Sgrad,H,H_new,Hgrad,dH,population,C,Cdot,L,SL,W,dW,Y,A,Sav,discount,Wgrad,Wacc,Z,zc,uc,ul,V,v,WTP,WTP_H,WTP_S,WTP_W,q
0.0,1.0,1.0,0.0,0.98287668,0.98287668,0.0,0.0,3.778658e6,474.875,0.0,4000.0,0.8766749029852948,6.285348951962402,0.0,0.0,0.0,-474.875,1.0,0.0,0.0,2786.1396312301904,0.7235608114092728,4.920063639436182e-6,4.152189287886858e-6,1.214166242237771e7,8419.179336487772,0.0,0.0,0.0,0.0,0.0
1.0,0.994415606,0.994415606,0.0,0.9771635299999999,0.9771635299999999,0.0,-0.005812682421155883,0.0,474.875,0.0,4000.0,0.8766749029852948,6.285348951962402,0.0,0.0,0.0,-474.875,0.9803921568627451,0.0,0.0,2786.1396312301904,0.7235608114092728,4.920063639436182e-6,4.152189287886858e-6,1.2445408170617595e7,8419.179336487772,0.0,0.0,0.0,0.0,0.0
2.0,0.9915204638577629,0.9915204638577629,0.0,0.97145038,0.97145038,0.0,-0.00584666724105017,1.5275617e7,573.5901797841512,0.0,4000.0,0.8696204261935536,6.285348951962402,0.0,0.0,0.0,-573.5901797841512,0.9611687812379853,0.0,0.0,2853.6803086437803,0.6486541010183183,4.255055121699509e-6,4.069743906783683e-6,1.2722769850246262e7,9816.496413583145,0.0,0.0,0.0,0.0,0.0
3.0,0.9912840783393839,0.9912840783393839,0.0,0.9702669020000001,0.9702669020000001,0.0,-0.0012182588265597766,0.0,692.8258896442536,0.0,4000.0,0.862225834486067,6.285348951962402,0.0,0.0,0.0,-692.8258896442536,0.9423223345470444,0.0,0.0,2926.8486730902246,0.582028096160815,3.675729525201596e-6,3.984381414409406e-6,1.2970304633623151e7,11462.944907519575,0.0,0.0,0.0,0.0,0.0
4.0,0.9910723709090111,0.9910723709090111,0.0,0.969083424,0.969083424,0.0,-0.001219744791418301,0.0,836.8478580682536,0.0,4000.0,0.8544820308013156,6.285348951962402,0.0,0.0,0.0,-836.8478580682536,0.9238454260265141,0.0,0.0,3006.187069217359,0.522740463665232,3.171481008877146e-6,3.896143478182725e-6,1.322084208292625e7,13406.471260824397,0.0,0.0,0.0,0.0,0.0
5.0,0.9908853251663416,0.9908853251663416,0.0,0.967899946,0.967899946,0.0,-0.0012212343856993586,0.0,1010.8085566967127,0.0,4000.0,0.8463805222139797,6.285348951962402,0.0,0.0,0.0,-1010.8085566967127,0.9057308098299157,0.0,0.0,3092.2992538314747,0.4699578306737891,2.732981028460737e-6,3.8050898057485865e-6,1.3474127304837905e7,15704.96735002374,0.0,0.0,0.0,0.0,0.0
6.0,0.9907229265526399,0.9907229265526399,0.0,0.966716468,0.966716468,0.0,-0.0012227276227164499,0.0,1220.9315330624393,0.0,4000.0,0.8379135311918654,6.285348951962402,0.0,0.0,0.0,-1220.9315330624393,0.8879713821861919,0.0,0.0,3185.858425135969,0.42294307933688685,2.352026519726788e-6,3.7112992699295286e-6,1.3729841001380166e7,18428.480094166032,0.0,0.0,0.0,0.0,0.0
7.0,0.990585162348852,0.990585162348852,0.0,0.96553299,0.96553299,0.0,-0.0012242245158483843,1.970786e7,1474.7340617076577,0.0,4000.0,0.8290741120714314,6.285348951962402,0.0,0.0,0.0,-1474.7340617076577,0.8705601786139135,0.0,0.0,3287.616425611016,0.38104412945166266,2.0214060568015034e-6,3.6148709053210197e-6,1.3987585804545458e7,21661.942492627146,0.0,0.0,0.0,0.0,0.0
8.0,0.9904720216739492,0.9904720216739492,0.0,0.9611743800000001,0.9611743800000001,0.0,-0.0045142010114019296,0.0,1781.2960791549501,0.0,4000.0,0.8198562717844687,6.285348951962402,0.0,0.0,0.0,-1781.2960791549501,0.8534903711901113,0.0,0.0,3398.414305127215,0.34368403440097417,1.7347818630892822e-6,3.5159247413733996e-6,1.4246869559747519e7,25508.555692559563,0.0,0.0,0.0,0.0,0.0
9.0,0.9903534870734215,0.9903534870734215,0.0,0.95681577,0.95681577,0.0,-0.004534671429756743,0.0,2151.5850240406244,0.0,4000.0,0.8102550936470755,6.285348951962402,0.0,0.0,0.0,-2151.5850240406244,0.836755265872658,0.0,0.0,3519.1944625674837,0.3103522362707194,1.4865858020503424e-6,3.414602435529867e-6,1.4507524410088789e7,30093.9853595412,0.0,0.0,0.0,0.0,0.0
10.0,0.990229560457469,0.990229560457469,0.0,0.95245716,0.95245716,0.0,-0.004555328347065109,0.0,2598.848203759619,0.0,4000.0,0.8002668627941099,6.285348951962402,0.0,0.0,0.0,-2598.848203759619,0.8203482998751549,0.0,0.0,3651.0146215843893,0.28059684413221536,1.2719276953644828e-6,3.311067669646883e-6,1.4768827111500328e7,35571.578385516616,0.0,0.0,0.0,0.0,0.0
11.0,0.9901002438243766,0.9901002438243766,0.0,0.94809855,0.94809855,0.0,-0.00457617432368301,0.0,3139.0867247722,0.0,4000.0,0.7898891916136838,6.285348951962402,0.0,0.0,0.0,-3139.0867247722,0.8042630390932891,0.0,0.0,3795.0639402042298,0.2540178154561608,1.0865145103893095e-6,3.205506273697716e-6,1.5029883435031991e7,42128.86034930479,0.0,0.0,0.0,0.0,0.0
12.0,0.9899655392604599,0.9899655392604599,0.0,0.9437399399999999,0.9437399399999999,0.0,-0.004597211967047139,2.1393676e7,3791.6279417112473,0.0,4000.0,0.7791211433142405,6.285348951962402,0.0,0.0,0.0,-3791.6279417112473,0.788493175581656,0.0,0.0,3952.681606067741,0.23026093472584766,9.265791303347786e-7,3.0981260428249862e-6,1.5289589836890653e7,49995.64340617474,0.0,0.0,0.0,0.0,0.0
13.0,0.9898254489400096,0.9898254489400096,0.0,0.9362396820000001,0.9362396820000001,0.0,-0.00794737796092414,0.0,4579.816904997664,0.0,4000.0,0.7679633515495773,6.285348951962402,0.0,0.0,0.0,-4579.816904997664,0.7730325250800548,0.0,0.0,4125.378330679027,0.20901249576073364,7.88817571934643e-7,2.9891562173080536e-6,1.5546586079414245e7,59454.16262288514,0.0,0.0,0.0,0.0,0.0
14.0,0.9896129207661529,0.9896129207661529,0.0,0.928739424,0.928739424,0.0,-0.008011044761505945,0.0,5531.851543913883,0.0,4000.0,0.7564181338441169,6.285348951962402,0.0,0.0,0.0,-5531.851543913883,0.757875024588289,0.0,0.0,4314.861228920622,0.18999460524216016,6.703336489869393e-7,2.878846600047534e-6,1.580026707439547e7,70851.77160793278,0.0,0.0,0.0,0.0,0.0
15.0,0.9893279961047712,0.9893279961047712,0.0,0.9212391660000001,0.9212391660000001,0.0,-0.008075739875127634,0.0,6681.791464307025,0.0,4000.0,0.7444895964117236,6.285348951962402,0.0,0.0,0.0,-6681.791464307025,0.7430147299885186,0.0,0.0,4523.062656436811,0.1729610346229338,5.685901980665632e-7,2.7674662927854845e-6,1.6048624252667643e7,84616.87260473474,0.0,0.0,0.0,0.0,0.0
16.0,0.9889707322146991,0.9889707322146991,0.0,0.913738908,0.913738908,0.0,-0.00814148841778628,0.0,8070.776451259965,0.0,4000.0,0.7321837278566958,6.285348951962402,0.0,0.0,0.0,-8070.776451259965,0.7284458137142339,0.0,0.0,4752.173679864011,0.15769355615345027,4.813660868410429e-7,2.6553020404469378e-6,1.6289169835861769e7,101278.94105460844,0.0,0.0,0.0,0.0,0.0
17.0,0.98854120222871,0.98854120222871,0.0,0.90623865,0.90623865,0.0,-0.008208316330117336,2.1636731e7,9238.241207868326,0.0,4000.0,0.7231536695934347,6.285348951962402,0.0,0.0,0.0,-9238.241207868326,0.7141625624649351,0.0,0.0,4930.263710772491,0.1477473239280108,4.267901613251508e-7,2.57475273567971e-6,1.6518823171617342e7,115333.64473093773,0.0,0.0,0.0,0.0,0.0
18.0,0.9880394951286937,0.9880394951286937,0.0,0.8997098000000001,0.8997098000000001,0.0,-0.007204338503991106,0.0,10353.644428668662,0.0,4000.0,0.7153904510899505,6.285348951962402,0.0,0.0,0.0,-10353.644428668662,0.7001593749656226,0.0,0.0,5090.573953080415,0.13993391085246717,3.8527678867959334e-7,2.506685057187514e-6,1.6740055275475692e7,128814.19920347678,0.0,0.0,0.0,0.0,0.0
19.0,0.9874573608333065,0.9874573608333065,0.0,0.8931809500000001,0.8931809500000001,0.0,-0.007256617633819293,0.0,11417.892748411,0.0,4000.0,0.708623237918492,6.285348951962402,0.0,0.0,0.0,-11417.892748411,0.6864307597702183,0.0,0.0,5236.0529075770555,0.13362046534458735,3.526687191803717e-7,2.4482365970997366e-6,1.6953454554496218e7,141729.50920676292,0.0,0.0,0.0,0.0,0.0
20.0,0.9867949352336023,0.9867949352336023,0.0,0.8866521,0.8866521,0.0,-0.007309661049085328,0.0,40139.95426072837,0.0,4000.0,0.6141154144900453,6.285348951962402,0.0,0.0,-26656.329606416413,-40139.95426072837,0.6729713331080571,0.0,0.0,8003.903021202886,0.07694534925817088,1.074557472067487e-7,1.7160861970333284e-6,1.7159470800439175e7,511663.29965512553,0.0,0.0,0.0,0.0,0.0
21.0,0.9860523738210699,0.9860523738210699,0.0,0.88012325,0.88012325,0.0,-0.007363485633203858,0.0,39840.12531714921,-0.00746958857081954,4000.0,0.6147145625724005,6.285348951962402,0.0,0.0,-52575.25978551764,-39840.12531714921,0.659775816772605,0.0,0.0,7980.797377803131,0.07718060584022135,1.0825270472948512e-7,1.7202452524720448e-6,1.699355126754016e7,507602.02475569525,0.0,0.0,0.0,0.0,0.0
22.0,0.9852298516268961,0.9852298516268961,0.0,0.8735944,0.8735944,0.0,-0.00741810877056143,2.1604652e7,39540.175777631615,-0.007528830221537618,4000.0,0.6153181288178144,12.1668560235614,0.9357486937559261,0.0,-77773.6257479539,-39540.175777631615,0.6468390360515734,0.0,0.0,7957.611452193344,0.0774186963858227,1.0906157350518662e-7,1.7244410570515482e-6,1.682970684036008e7,503542.96669677115,0.0,0.0,0.0,0.0,0.0
23.0,0.9843275631532825,0.9843275631532825,0.0,0.8710437200000001,0.8710437200000001,0.0,-0.0029197531486006736,0.0,39422.94494461014,-0.002964853613215189,4000.0,0.6155551720943361,15.607317108173113,0.2827732224289645,0.0,-102382.10405145072,-39422.94494461014,0.634155917697621,0.0,0.0,7948.530099374977,0.0775125067508429,1.0938091384369464e-7,1.7260905776367866e-6,1.6667951914853059e7,501957.5930475729,0.0,0.0,0.0,0.0,0.0
24.0,0.9833908953920517,0.9833908953920517,0.0,0.8684930399999999,0.8684930399999999,0.0,-0.0029283030707116953,0.0,42543.02097776713,0.07914365701346625,3524.85076036388,0.5992586903123694,18.048363095160397,0.15640394630727256,8575.666001342071,-123149.58356317213,-33967.354976425064,0.6217214879388442,0.0,0.0,7584.263615703501,0.07144127672460329,1.0816308792395079e-7,1.9521666843452227e-6,1.650502007769396e7,508586.46572767076,0.0,0.0,0.0,0.0,0.0
25.0,0.9824199468302959,0.9824199468302959,0.0,0.86594236,0.86594236,0.0,-0.002936903213409651,0.0,44712.59555429913,0.050997191235333486,3186.8602781558016,0.5870050975873659,19.94178546178681,0.10490825991494643,16215.457883474008,-140214.10519106104,-28497.13767082512,0.6095308705282786,0.0,0.0,7290.139112780103,0.06733651343950342,1.0817998130418262e-7,2.157301978428118e-6,1.6332488125852099e7,509731.85740288015,0.0,0.0,0.0,0.0,0.0
26.0,0.981414819543189,0.981414819543189,0.0,0.8633916799999999,0.8633916799999999,0.0,-0.00294555402047792,0.0,46339.90688600451,0.03639491985494717,2950.6883490709624,0.5777559215297465,21.488824179772113,0.0775777435250116,22548.473576600496,-154167.14240736718,-23791.433309404012,0.5975792848316456,0.0,0.0,7075.296076968435,0.06446931106859899,1.0832684680215273e-7,2.3278165648805686e-6,1.6155740552988501e7,510449.3886061753,0.0,0.0,0.0,0.0,0.0
27.0,0.9803756191760975,0.9803756191760975,0.0,0.860841,0.860841,0.0,-0.002954255940942026,2.2917137e7,47621.35248800081,0.027653176022745113,2773.6160055582277,0.5704021239665652,22.796826778532452,0.06086897020599153,27957.66348525379,-165461.27446897334,-19663.68900274702,0.5858620439525937,0.0,0.0,6908.132975961036,0.06231908794646625,1.0853756035397448e-7,2.4743119623540676e-6,1.5975112712462924e7,510905.3098055664,0.0,0.0,0.0,0.0,0.0
28.0,0.9793024549260689,0.9793024549260689,0.0,0.860238,0.860238,0.0,-0.0007004777885811901,0.0,48736.31961822836,0.023413176484403483,2638.2067730310173,0.5643418663532613,23.929870166759393,0.049701802765546164,32587.535115340062,-174544.74628497098,-16148.784502888295,0.5743745528946996,0.0,0.0,6782.2802359994685,0.060627383697220184,1.0854385247330917e-7,2.5974402970861736e-6,1.5790776861438777e7,512342.0682128791,0.0,0.0,0.0,0.0,0.0
29.0,0.9781908653576241,0.9781908653576241,0.0,0.8596349999999999,0.8596349999999999,0.0,-0.0007009688016572393,0.0,49681.11932908648,0.019385947036196498,2528.3274538049736,0.5592148697467412,24.929285264383825,0.041764334309373055,36687.744719857896,-181701.90390261632,-12993.374609228587,0.5631123067595095,0.0,0.0,6678.066388086146,0.05924971905753931,1.0857008983403548e-7,2.7065747406524486e-6,1.5601712727978824e7,513631.19167612225,0.0,0.0,0.0,0.0,0.0
30.0,0.9770409824315789,0.9770409824315789,0.0,0.8590319999999999,0.8590319999999999,0.0,-0.0007014605035858477,0.0,50497.124729085335,0.01642485940370326,2436.7905454097436,0.5547896882482343,25.82329253338581,0.035861728867102455,40367.21503683867,-187165.9354932803,-10129.909692246663,0.5520708889799112,0.0,0.0,6589.683997199478,0.058098263663099094,1.0860911375106477e-7,2.8046449161855206e-6,1.5407955526909748e7,514799.3137047447,0.0,0.0,0.0,0.0,0.0
31.0,0.9758529426097043,0.9758529426097043,0.0,0.858429,0.858429,0.0,-0.0007019528958175123,0.0,51212.5369095244,0.014167384465496235,2358.9490260917423,0.5509094938760386,26.632020480690834,0.03131777042991144,43704.50314698236,-191131.50227837422,-7508.033762542043,0.5412459695881482,0.0,0.0,6513.306614982737,0.05711617390543966,1.0865677794752634e-7,2.893749535664397e-6,1.5209513451817436e7,515865.33849227085,0.0,0.0,0.0,0.0,0.0
32.0,0.9746268868277271,0.9746268868277271,0.0,0.857826,0.857826,0.0,-0.0007024459798073226,2.210826e7,51847.387636798936,0.012396392867553152,2291.650352265157,0.5474634854563235,27.37033125137111,0.027722672082487212,46758.0957516658,-193763.52873986567,-5089.291885133134,0.5306333035177924,0.0,0.0,6446.296092291867,0.05626482834116403,1.0871053264376428e-7,2.9754432889728197e-6,1.500637499509726e7,516843.50650981424,0.0,0.0,0.0,0.0,0.0
33.0,0.9733629604674554,0.9733629604674554,0.0,0.8562628800000001,0.8562628800000001,0.0,-0.0018221877163899416,0.0,52377.699150528315,0.010228316949048829,2231.0238743909235,0.5443707015963933,28.049511322235038,0.024814462953564192,49618.91586403526,-195160.49762796133,-2758.7832864930533,0.5202287289390121,0.0,0.0,6382.0521313829695,0.05551694675706149,1.0888926148470452e-7,3.0542905728850302e-6,1.4798513289146477e7,517168.7925683557,0.0,0.0,0.0,0.0,0.0
34.0,0.9720497299194623,0.9720497299194623,0.0,0.8546997599999999,0.8546997599999999,0.0,-0.0018255141458428513,0.0,52852.38337281073,0.009062716193741605,2177.172272984964,0.5415703235744365,28.678333850131448,0.02241830599729339,52275.662106613476,-195446.42031069423,-576.7212661972517,0.5100281656264825,0.0,0.0,6323.963707163022,0.05485263768621558,1.090720467788806e-7,3.1280045712418916e-6,1.4586651235418327e7,517427.7982559144,0.0,0.0,0.0,0.0,0.0
35.0,0.9706873965850917,0.9706873965850917,0.0,0.85313664,0.85313664,0.0,-0.0018288527423944965,0.0,53280.115873106464,0.008092965217454564,2128.875287430078,0.5390155919148986,29.263753617997523,0.020413311698140767,54756.13257719263,-194730.00534172854,1476.0167040861634,0.5000276133592965,0.0,0.0,6270.970611342809,0.054257008041682854,1.0925811237783671e-7,3.197302481392499e-6,1.4370748593409672e7,517627.8210155564,0.0,0.0,0.0,0.0,0.0
36.0,0.9692761693142409,0.9692761693142409,0.0,0.85157352,0.85157352,0.0,-0.0018322035729235928,0.0,53667.72764866968,0.007274979966003852,2085.200335812106,0.5366698405800713,29.81137723835839,0.018713375854287947,57082.81512498727,-193107.28685331997,3415.087476317589,0.49022315035225145,0.0,0.0,6222.254387808577,0.05371865446451713,1.0944690429247452e-7,3.2627629514334626e-6,1.4150756168472383e7,517774.96224453946,0.0,0.0,0.0,0.0,0.0
37.0,0.9678162643519775,0.9678162643519775,0.0,0.8500103999999999,0.8500103999999999,0.0,-0.001835566704798464,2.1740081e7,54020.68790234017,0.006576769114971771,2045.4208654588308,0.5345038262556912,30.325790557674406,0.01725560396633133,59274.157462496,-190663.67185958967,5253.469560155827,0.48061093171789354,0.0,0.0,6177.171526612148,0.05322867630635414,1.0963801773882347e-7,3.324859563106151e-6,1.3926616830446053e7,517874.3899735599,0.0,0.0,0.0,0.0,0.0
38.0,0.9663079052832922,0.9663079052832922,0.0,0.84795732,0.84795732,0.0,-0.002415358682670153,0.0,54322.680641598556,0.005590316432184797,2008.1939039235265,0.5324938789734078,30.81079233598282,0.01599304649242453,61369.12399975687,-187455.34231358193,7046.443358158314,0.4711871879587191,0.0,0.0,6132.864329927467,0.052780009745527344,1.0989411349453615e-7,3.3859247098270805e-6,1.3698266283854121e7,517637.8110132989,0.0,0.0,0.0,0.0,0.0
39.0,0.9646914103397838,0.9646914103397838,0.0,0.84590424,0.84590424,0.0,-0.0024212067654537615,0.0,54597.80208372181,0.005064577794649049,1973.8465577016723,0.5306205901493959,31.269564661920796,0.014889987928099832,63356.93607892097,-183551.94388476145,8759.133995199161,0.4619482234889403,0.0,0.0,6091.279699985885,0.05236696646561124,1.1015256226240758e-7,3.4444226683406107e-6,1.346676902112201e7,517362.45379931055,0.0,0.0,0.0,0.0,0.0
40.0,0.9629673177099902,0.9629673177099902,0.0,0.8438511599999999,0.8438511599999999,0.0,-0.002427083235804611,0.0,54849.12040527964,0.004603084958849606,1941.9994438030608,0.5288678619560057,31.704799604984807,0.013918804043793654,65248.49522117123,-179016.58238861637,10399.374815891591,0.4528904151852356,0.0,0.0,6052.073651308557,0.05198490655588092,1.104131908453139e-7,3.50062808949762e-6,1.3232042952906415e7,517051.6077687606,0.0,0.0,0.0,0.0,0.0
41.0,0.9611362016515086,0.9611362016515086,0.0,0.84179808,0.84179808,0.0,-0.002432988300922558,0.0,55079.21475155128,0.004195041681096671,1912.340050425414,0.5272222055082735,32.118794934743164,0.013057812536789122,67053.12181386238,-173906.6662097056,11973.907062311104,0.4440102109659172,0.0,0.0,6014.960917337137,0.05163000179432461,1.1067586511771773e-7,3.554775415941269e-6,1.2993999717292828e7,516708.157404489,0.0,0.0,0.0,0.0,0.0
42.0,0.9591986721721405,0.9591986721721405,0.0,0.839745,0.839745,0.0,-0.002438922170029231,1.99077e7,55290.27279949763,0.003831900089686921,1884.6082912103118,0.5256722140472619,32.51352755228984,0.012289770470799552,68778.846607619,-168274.6047214331,13488.573808121364,0.435304128397958,0.0,0.0,5979.702586030437,0.051299061203283654,1.1094048024033268e-7,3.6070663609583226e-6,1.2752544914813716e7,516334.6476336172,0.0,0.0,0.0,0.0,0.0
43.0,0.9571553746910966,0.9571553746910966,0.0,0.8377303800000001,0.8377303800000001,0.0,-0.0023990854366502403,0.0,55485.85349143926,0.003537343587557844,1858.6422484822463,0.5242081615463642,32.890710585327916,0.011600803155901042,70430.77806481898,-162169.84206231165,14944.924573379722,0.4267687533313314,0.0,0.0,5946.277702222188,0.05098940039433046,1.1120187841791997e-7,3.6575087995886277e-6,1.2507578278370805e7,515956.20117635955,0.0,0.0,0.0,0.0,0.0
44.0,0.9549289087736771,0.9549289087736771,0.0,0.83571576,0.83571576,0.0,-0.0024048548889919422,0.0,55665.89985280861,0.003244905683880779,1834.1991185094942,0.5228216927454657,33.25183832297011,0.010979627110983927,72016.86075106845,-155636.93073467663,16350.960898259844,0.41840073856012877,0.0,0.0,5914.332372457452,0.05069874227295991,1.1146501906630978e-7,3.7064167926597126e-6,1.2259972784712091e7,515551.91698428517,0.0,0.0,0.0,0.0,0.0
45.0,0.9525205370038068,0.9525205370038068,0.0,0.8337011400000001,0.8337011400000001,0.0,-0.002410652157618718,0.0,55831.808320613694,0.0029804326929731718,1811.121069307331,0.5215055808587343,33.59822197161122,0.010416977409691938,73542.44018239531,-148717.01709300926,17710.631861781614,0.4101968025099302,0.0,0.0,5883.719162606901,0.05042514057461532,1.1172984979622465e-7,3.753924294308335e-6,1.2009598007670423e7,515123.59997274354,0.0,0.0,0.0,0.0,0.0
46.0,0.9499316261900931,0.9499316261900931,0.0,0.8316865200000001,0.8316865200000001,0.0,-0.002416477444183376,0.0,55984.79738671556,0.0027401775207303736,1789.2724481180078,0.5202535360731811,33.93101839383404,0.009905179580753301,75012.23722666358,-141448.18221463804,19027.43983994802,0.4021537279509119,0.0,0.0,5854.3107207039275,0.050166920272770574,1.1199632882869252e-7,3.80014949352825e-6,1.1756317071887705e7,514672.8734292961,0.0,0.0,0.0,0.0,0.0
47.0,0.9471636460726917,0.9471636460726917,0.0,0.8296719,0.8296719,0.0,-0.00242233095229207,2.0640874e7,56125.936271031744,0.0025210216148728085,1768.5359186412145,0.519060052652051,34.25125342059454,0.009437825385715306,76430.44174957396,-133865.73554464252,20304.505478542218,0.39426836073618815,0.0,0.0,5825.996364891192,0.04992263062569672,1.1226442286079062e-7,3.845197197521726e-6,1.1499986582831655e7,514201.2029157918,0.0,0.0,0.0,0.0,0.0
48.0,0.9442181679320986,0.9442181679320986,0.0,0.8270507400000001,0.8270507400000001,0.0,-0.0031592729607931762,0.0,56228.81379490438,0.0018329765293506883,1747.9590403762495,0.5179202857223971,34.559840921730455,0.009009524333213769,77830.17731381801,-125981.75990911828,21601.363518913633,0.38653760856489033,0.0,0.0,5795.859777172846,0.04969100780898464,1.1261623408436465e-7,3.89199913516e-6,1.1240456524328055e7,513351.01118677226,0.0,0.0,0.0,0.0,0.0
49.0,0.9409506133385236,0.9409506133385236,0.0,0.82442958,0.82442958,0.0,-0.0031692855990916855,0.0,56321.35777340037,0.0016458461818801059,1728.316679315027,0.516829951131583,34.857598528498755,0.00861571114990512,79185.4251763237,-117828.8638588744,22864.067402923327,0.3789584397695003,0.0,0.0,5766.646326108903,0.04947094490163062,1.1297054677157615e-7,3.937881964908592e-6,1.09796436993366e7,512483.1437556768,0.0,0.0,0.0,0.0,0.0
50.0,0.9373642764291266,0.9373642764291266,0.0,0.82180842,0.82180842,0.0,-0.0031793619049913413,0.0,56404.32432395863,0.001473092159675306,1709.529204262042,0.515785243408354,35.145260689596526,0.008252495101249873,80499.19321811812,-109437.6579601017,24094.86889415949,0.37152788212696103,0.0,0.0,5738.279876490237,0.04926146757278364,1.1332735591444422e-7,3.98291946687583e-6,1.0717351855834225e7,511598.6801119492,0.0,0.0,0.0,0.0,0.0
51.0,0.933462776588099,0.933462776588099,0.0,0.81918726,0.81918726,0.0,-0.0031895024876965987,0.0,56478.3894042427,0.0013131099640282529,1691.5262694465855,0.514782768061903,35.42348958559247,0.007916540965601772,81774.19515287268,-100836.8992859188,25295.80574862998,0.3642430216930991,0.0,0.0,5710.692899550629,0.04906171423083015,1.1368666051664117e-7,4.027178234832023e-6,1.045337731137021e7,510698.6078418226,0.0,0.0,0.0,0.0,0.0
52.0,0.9292500523564249,0.9292500523564249,0.0,0.8165661,0.8165661,0.0,-0.003199707964208344,2.0833261e7,56544.15963345838,0.0011645202688931409,1674.2454615344518,0.5138194853319332,35.69288430995739,0.0076049741997889116,83012.88767480916,-92053.61915252378,26468.728041350776,0.357101001659901,0.0,0.0,5683.825248875386,0.048870919697008734,1.1404846296600893e-7,4.070718594374216e-6,1.018750857715773e7,509783.83289962437,0.0,0.0,0.0,0.0,0.0
53.0,0.9247303548007731,0.9247303548007731,0.0,0.81259466,0.81259466,0.0,-0.004863586671060601,0.0,56539.84678680623,-7.62739543766662e-5,1655.8056724670064,0.5128926631559018,35.95398863690154,0.007315304772702501,84283.1362148103,-83071.80709997319,27743.28942800408,0.35009902123519704,0.0,0.0,5651.392544128352,0.048688401686177496,1.1460202893921069e-7,4.1204000462462426e-6,9.919525948485825e6,508060.54688070423,0.0,0.0,0.0,0.0,0.0
54.0,0.919791635373394,0.919791635373394,0.0,0.80862322,0.80862322,0.0,-0.004887356754227314,0.0,56527.721668928454,-0.00021445261292443252,1638.0050125621879,0.5119998376097574,36.207297629273405,0.00704536553454541,85521.45550901277,-73918.36732544363,28993.733840084315,0.34323433454431085,0.0,0.0,5619.589166085175,0.04851354954083359,1.1516120526847719e-7,4.169676034501601e-6,9.651239208343333e6,506325.97742959874,0.0,0.0,0.0,0.0,0.0
55.0,0.9144406426783629,0.9144406426783629,0.0,0.80465178,0.80465178,0.0,-0.004911360324280494,0.0,56508.24903661555,-0.000344479341073586,1620.7972156709743,0.5111387794498629,36.453263288356865,0.0067932619993323635,86729.70551353772,-64618.82738587049,30221.45647692217,0.3365042495532459,0.0,0.0,5588.369923852573,0.048345814786970955,1.1572605907656025e-7,4.2185925008417916e-6,9.382394645977972e6,504580.8068197618,0.0,0.0,0.0,0.0,0.0
56.0,0.9086846823364143,0.9086846823364143,0.0,0.80068034,0.80068034,0.0,-0.004935600838414908,0.0,56481.85139653382,-0.0004671466649873086,1604.1406127535163,0.5103074656677323,36.69229940758182,0.006557331159465869,87909.58997531349,-55197.399668169164,31427.738578779667,0.32990612701298616,0.0,0.0,5557.693967941494,0.0481847031730168,1.1629666069186376e-7,4.267191894207816e-6,9.112730333717922e6,502825.66791385046,0.0,0.0,0.0,0.0,0.0
57.0,0.9025316003394867,0.9025316003394867,0.0,0.7967089,0.7967089,0.0,-0.004960081822416093,2.2224684e7,56448.913902419685,-0.0005831518142508435,1587.9975568080847,0.5095040551881712,36.92478576107427,0.006336107500649258,89062.6734700492,-45677.03702442543,32613.75956762951,0.32343737942449624,0.0,0.0,5527.524259806946,0.04802976792380934,1.1687308345771768e-7,4.315513567912377e-6,8.841975453175392e6,501061.1489694465,0.0,0.0,0.0,0.0,0.0
58.0,0.8959897651977088,0.8959897651977088,0.0,0.7916145200000001,0.7916145200000001,0.0,-0.006394280269744638,0.0,56356.74640470018,-0.0016327594518263456,1570.8554669098287,0.5087268680115978,37.15107173351979,0.0061282947966098235,90245.32279992041,-36048.808008534805,33888.57639522023,0.3170954700240159,0.0,0.0,5492.65750843222,0.047880603996011774,1.1762126360501628e-7,4.369756001577199e-6,8.56984957666404e6,498631.4533165454,0.0,0.0,0.0,0.0,0.0
59.0,0.8888989616896545,0.8888989616896545,0.0,0.78652014,0.78652014,0.0,-0.006435430214190695,0.0,56258.23468747025,-0.0017480022093985473,1554.1748566000097,0.5079743672345985,37.37147947844575,0.005932742573536388,91404.10415443937,-26336.631723141974,35145.86946696912,0.31087791178825086,0.0,0.0,5458.232960022428,0.04773684316358643,1.1837925276722748e-7,4.424007815464183e-6,8.298314798118655e6,496195.2326276519,0.0,0.0,0.0,0.0,0.0
60.0,0.8812726084251102,0.8812726084251102,0.0,0.78142576,0.78142576,0.0,-0.0064771132243353164,0.0,56153.68341103564,-0.0018584172968706867,1537.926500804732,0.5072451434878871,37.58630667658381,0.00574842637048831,92540.24960104315,-16563.336022410047,36386.56619000751,0.3047822664590695,0.0,0.0,5424.221393688994,0.04759814979495853,1.1914723286107593e-7,4.478304433982743e-6,8.027030265924239e6,493752.9578556986,0.0,0.0,0.0,0.0,0.0
61.0,0.8731250961639491,0.8731250961639491,0.0,0.77633138,0.77633138,0.0,-0.006519339725887657,0.0,56043.372749294525,-0.0019644421352320116,1522.0836966995519,0.5065379014142922,37.79582895358305,0.00557443110338291,93654.90076083854,-6750.671048878787,37611.52801154402,0.298806143587323,0.0,0.0,5390.596005140009,0.04746421720947559,1.1992539155544649e-7,4.532679586421127e-6,7.755645086698034e6,491305.07149948785,0.0,0.0,0.0,0.0,0.0
62.0,0.864471742454764,0.864471742454764,0.0,0.771237,0.771237,0.0,-0.006562120418216335,2.0713707e7,55927.560868154134,-0.0020664687983442133,1506.6219873771463,0.5058514478760696,38.00030200634217,0.005409936980353908,94749.11749564168,3080.6776020729194,38821.556627487545,0.2929471995954147,0.0,0.0,5357.33214752727,0.047334764521350735,1.2071392233814975e-7,4.587165505219824e-6,7.483797107645944e6,488851.9900880911,0.0,0.0,0.0,0.0,0.0
63.0,0.8553287435178654,0.8553287435178654,0.0,0.7648493000000001,0.7648493000000001,0.0,-0.008282408649999786,0.0,55743.96123412511,-0.0032828113935068686,1489.8478432552263,0.5051846816344308,38.19996347911119,0.005254207525395452,95887.72071466253,12942.11649119441,40143.75948053742,0.28720313685824966,0.0,0.0,5318.441708827693,0.047209533895687085,1.2171752340224644e-7,4.6496049487336755e-6,7.211111620855831e6,485644.2507430411,0.0,0.0,0.0,0.0,0.0
64.0,0.8455238261617772,0.8455238261617772,0.0,0.7584616,0.7584616,0.0,-0.008351579847167417,0.0,55554.72736017536,-0.0033946972866705115,1473.421583630241,0.5045365842874935,38.39503462388883,0.005106579352734542,97008.06577648711,22811.14422235778,41453.33841631175,0.28157170280220556,0.0,0.0,5279.859071955581,0.04708828815434076,1.2273810292330977e-7,4.7125337114109094e-6,6.939526817345174e6,482434.5443048886,0.0,0.0,0.0,0.0,0.0
65.0,0.8350813836903892,0.8350813836903892,0.0,0.7520739000000001,0.7520739000000001,0.0,-0.008421916152379878,0.0,55360.06760904533,-0.0035039277552026756,1457.3232954785267,0.5039062122880605,38.58572177420824,0.004966453401783434,98111.01588242626,32666.297653392186,42750.948273380935,0.27605068902177016,0.0,0.0,5241.563608706063,0.046970808679994924,1.2377608630834363e-7,4.775989628594131e-6,6.668593002591652e6,479223.2330403683,0.0,0.0,0.0,0.0,0.0
66.0,0.8240272477385283,0.8240272477385283,0.0,0.7456862,0.7456862,0.0,-0.008493447252989509,0.0,47527.25257926481,-0.1414885380035321,2238.9585613827876,0.5527844303204271,26.238290806461603,-0.32,46206.717388667916,32371.8011007255,-1320.5351905968928,0.27063793041350015,0.0,0.0,6120.044304989324,0.0575875724302674,1.2028097012968513e-7,3.155967072746e-6,6.397846715898617e6,464956.4739048951,0.0,0.0,0.0,0.0,0.0
67.0,0.8123885814159817,0.8123885814159817,0.0,0.7392985000000001,0.7392985000000001,0.0,-0.008566203853577934,1.7540315e7,46845.354172767584,-0.014347524199089186,2270.072869285248,0.5551391389652323,25.75160949036128,-0.018548514447460522,44548.407916947464,31876.689461330203,-2296.9462558201194,0.2653313043269609,0.0,0.0,6127.389041534267,0.05818795936218008,1.213165198915932e-7,3.1240956449779543e-6,6.138245410709874e6,460126.29116320977,0.0,0.0,0.0,0.0,0.0
68.0,0.8001937676770315,0.8001937676770315,0.0,0.7321310200000001,0.7321310200000001,0.0,-0.009694974357448314,0.0,46128.20939074459,-0.015308770628099802,2300.6755030684117,0.5575384268557068,25.26448642869898,-0.018916218104527677,42932.56069068384,31211.504356514448,-3195.648700060752,0.2601287297323146,0.0,0.0,6131.099809695759,0.058809481285587654,1.225010382560484e-7,3.0949258185214687e-6,5.879945719936306e6,454819.3344873367,0.0,0.0,0.0,0.0,0.0
69.0,0.7868410735095205,0.7868410735095205,0.0,0.7249635400000001,0.7249635400000001,0.0,-0.009789887061471597,0.0,45409.497870031904,-0.0155807374750794,2332.3486674001238,0.5599814422682974,24.777407681862236,-0.019279186545563456,41320.07693902797,30390.894014166774,-4089.420931003937,0.25502816640423,0.0,0.0,6135.460342037417,0.059452681429121156,1.237088349773124e-7,3.065184238081088e-6,5.627534603902244e6,449527.24436378,0.0,0.0,0.0,0.0,0.0
70.0,0.7723926319078231,0.7723926319078231,0.0,0.71779606,0.71779606,0.0,-0.009886676507897369,0.0,44689.5878564418,-0.015853732090378662,2365.1043063793068,0.5624672712086692,24.290852804454637,-0.01963703724194565,39713.01064437703,29429.819976349256,-4976.577212064774,0.2500276141217941,0.0,0.0,6140.463262569081,0.060118111984948604,1.249406114383649e-7,3.034914001747883e-6,5.380364953175494e6,444251.19775353535,0.0,0.0,0.0,0.0,0.0
71.0,0.756915151833092,0.756915151833092,0.0,0.7106285800000001,0.7106285800000001,0.0,-0.00998539891678967,0.0,43968.85140217637,-0.01612761470480957,2398.9535628973395,0.5649949406684494,23.80529294506721,-0.019989411787896552,38113.37945388496,28343.402086033468,-5855.471948291408,0.24512511188411185,0.0,0.0,6146.100210581675,0.06080633451865429,1.2619709821775638e-7,3.00415889189111e-6,5.137788883506522e6,438992.31467541953,0.0,0.0,0.0,0.0,0.0
72.0,0.7404794023687093,0.7404794023687093,0.0,0.7034611,0.7034611,0.0,-0.010086112776381882,1.3799821e7,43247.66318620286,-0.016402252798848677,2433.9067389266274,0.5675634220905094,23.321189055321312,-0.02033597699734304,36523.1570197568,27146.76898583602,-6724.506166446059,0.2403187371412861,0.0,0.0,6152.36184428742,0.06151792041456116,1.2747905658012788e-7,2.972963179099164e-6,4.899153322957436e6,433751.6533080573,0.0,0.0,0.0,0.0,0.0
73.0,0.7231596706000395,0.7231596706000395,0.0,0.69623544,0.69623544,0.0,-0.010271584313617216,0.0,42524.01480023588,-0.01673265866068437,2469.83475944577,0.570171635011423,22.838990220980648,-0.020676425768721203,34947.42896550256,25855.86123811035,-7576.58583473332,0.23560660504047656,0.0,0.0,6158.892484658844,0.06225345135583625,1.2879811286219968e-7,2.94161884014054e-6,4.663795363578987e6,428493.52582004364,0.0,0.0,0.0,0.0,0.0
74.0,0.7043469234289449,0.7043469234289449,0.0,0.6890097799999999,0.6890097799999999,0.0,-0.010378184712918568,0.0,41800.698826580585,-0.01700958804226737,2506.8774984277666,0.5728184508491636,22.359132125822562,-0.021010477718812304,33384.92329269227,24486.657566661666,-8415.775533888314,0.23098686768674173,0.0,0.0,6166.018101696425,0.06301351983856888,1.3014471787181857e-7,2.9099229423738917e-6,4.435393082026242e6,423255.5055399449,0.0,0.0,0.0,0.0,0.0
75.0,0.684174840289237,0.684174840289237,0.0,0.6817841200000001,0.6817841200000001,0.0,-0.01048702095346136,0.0,41078.09176957258,-0.017286961158374352,2545.0420773117776,0.5755026968039946,21.882035656788183,-0.02133787958985135,31837.441143390148,23054.9419308366,-9240.650626182432,0.22645771341837423,0.0,0.0,6173.726085991781,0.06379872971888073,1.3151975654651917e-7,2.8779200023230337e-6,4.213039304866364e6,418038.438906938,0.0,0.0,0.0,0.0,0.0
76.0,0.6627846776676625,0.6627846776676625,0.0,0.67455846,0.67455846,0.0,-0.01059816412268466,0.0,40356.568153224405,-0.017564681933025503,2584.334598529691,0.5782231598408325,21.408105656744677,-0.02165840543708668,30306.714489274247,21576.108894473862,-10049.853663950158,0.22201736609644532,0.0,0.0,6182.002859527927,0.0646096967920276,1.3292415265420497e-7,2.8456543043544786e-6,3.995827125805368e6,412843.09671665024,0.0,0.0,0.0,0.0,0.0
77.0,0.6403236088188331,0.6403236088188331,0.0,0.6673328000000001,0.6673328000000001,0.0,-0.01071168835388991,9.443952e6,39636.49945703598,-0.017842664258628092,2624.7601047246485,0.5809785907220878,20.9377298290367,-0.021971856606555127,28794.401377388036,20064.98657357656,-10842.098079647942,0.21766408440827972,0.0,0.0,6190.833882622355,0.06544704940237561,1.3435887087398434e-7,2.813169738493912e-6,3.782840144801583e6,407670.17213574686,0.0,0.0,0.0,0.0,0.0
78.0,0.6169430246635049,0.6169430246635049,0.0,0.66002612,0.66002612,0.0,-0.010949079679584174,0.0,38915.04495231299,-0.018201771463320453,2666.1027449317667,0.5837677080610935,20.471277795918972,-0.022278061515095485,27306.58125971559,18536.694332402836,-11608.463692597397,0.21339616118458793,0.0,0.0,6199.692560131946,0.06631142908308342,1.3584171539896144e-7,2.7808534922063023e-6,3.573142007436072e6,402469.073149625,0.0,0.0,0.0,0.0,0.0
79.0,0.59138427942448,0.59138427942448,0.0,0.65271944,0.65271944,0.0,-0.01107028915764729,0.0,38195.82285509148,-0.018481851893087885,2708.573081160527,0.5865892023676497,20.009100310983907,-0.022576875246507665,25840.290763363886,17008.010545525434,-12355.532091727593,0.20921192272998818,0.0,0.0,6209.060481119173,0.06720349122429804,1.3735769676712731e-7,2.7484039330991596e-6,3.3738587763020378e6,397291.4923663981,0.0,0.0,0.0,0.0,0.0
80.0,0.5639781149592161,0.5639781149592161,0.0,0.64541276,0.64541276,0.0,-0.011194212324976884,0.0,37479.19058658853,-0.018762058647662422,2752.172032492328,0.5894417400589124,19.551528623858207,-0.022868178979267653,24396.944224377057,15494.690328296125,-13082.24636221147,0.20510972816665507,0.0,0.0,6218.919692842418,0.06812390576866906,1.389079546430043e-7,2.7158628512842957e-6,3.1836359474090165e6,392137.8813010219,0.0,0.0,0.0,0.0,0.0
81.0,0.535070433099149,0.535070433099149,0.0,0.63810608,0.63810608,0.0,-0.011320941346124005,0.0,36765.49868230341,-0.01904235105174616,2796.8992580967615,0.5923239674107877,19.098873993764787,-0.023151879262323136,22977.869471414884,14011.193452107193,-13787.629210888528,0.2010879687908383,0.0,0.0,6229.251285485998,0.06907335793300538,1.4049368171478484e-7,2.683271123990771e-6,3.0011575939256586e6,387008.6118275338,0.0,0.0,0.0,0.0,0.0
82.0,0.5050149425750569,0.5050149425750569,0.0,0.6307994,0.6307994,0.0,-0.011450572606987243,6.088095e6,36055.08999199355,-0.019322699698666526,2842.753111826703,0.5952345144270926,18.651427347049715,-0.023427907156262192,21584.306257363616,12570.464787449444,-14470.783734629931,0.1971450674419983,0.0,0.0,6240.035395221447,0.07005254895494119,1.4211612672787562e-7,2.6506686125090824e-6,2.8251221584114563e6,381903.9769594779,0.0,0.0,0.0,0.0,0.0
83.0,0.4741658826012847,0.4741658826012847,0.0,0.62501374,0.62501374,0.0,-0.009171949117262993,0.0,35406.257688292324,-0.01799558131307683,2894.468734816981,0.598171998605993,18.209459072470736,-0.023696217257543555,20131.12632668698,11170.551938407207,-15275.131361605345,0.19327947788431207,0.0,0.0,6261.501053480365,0.07106219686353513,1.434237067179896e-7,2.611668117503278e-6,2.6542165296499585e6,377788.76666344807,0.0,0.0,0.0,0.0,0.0
84.0,0.44164782535209346,0.44164782535209346,0.0,0.6192280800000001,0.6192280800000001,0.0,-0.009256852497354561,0.0,34760.37296049301,-0.018242106620968444,2947.5723505224096,0.6011350285855457,17.77321894694139,-0.02395678662354433,18705.027039980105,9826.91685397072,-16055.345920512907,0.18948968420030593,0.0,0.0,6283.651478090317,0.07210303727280086,1.4475561737665913e-7,2.5727732814350367e-6,2.492919479735052e6,373699.95229805657,0.0,0.0,0.0,0.0,0.0
85.0,0.40805010654448404,0.40805010654448404,0.0,0.6134424199999999,0.6134424199999999,0.0,-0.009343342440155711,0.0,34117.737790628795,-0.018487579825297216,3002.0730939829596,0.6041222076525332,17.342936183523854,-0.024209613615972753,17306.982646874938,8552.5744976588,-16810.755143753857,0.18577420019637836,0.0,0.0,6306.475459941679,0.07317582419725766,1.461125625341805e-7,2.534020847641431e-6,2.339584414608874e6,369637.6467454063,0.0,0.0,0.0,0.0,0.0
86.0,0.37395033519641635,0.37395033519641635,0.0,0.60765676,0.60765676,0.0,-0.00943146383649164,0.0,33478.64535607967,-0.018731969817901168,3057.979254111228,0.6071321371011484,16.918819592761448,-0.024454716679712246,15937.87905233071,7357.905158494719,-17540.766303748962,0.18213156881997877,0.0,0.0,6329.961211513607,0.0742813308886875,1.4749527337940712e-7,2.495445921091219e-6,2.1925738557053725e6,365601.8876046529,0.0,0.0,0.0,0.0,0.0
87.0,0.33989779542007287,0.33989779542007287,0.0,0.6018711,0.6018711,0.0,-0.009521263286859552,3.817981e6,32843.3795474647,-0.01897525428099825,3115.298246099387,0.6101634194304055,16.501057847931346,-0.024692133073446646,14598.514819280334,6250.582842943262,-18244.864728184366,0.17856036158821448,0.0,0.0,6354.096374965169,0.07542035069339537,1.489045097261318e-7,2.457081928808756e-6,2.050206635208677e6,361592.6398013167,0.0,0.0,0.0,0.0,0.0
88.0,0.30639892346603487,0.30639892346603487,0.0,0.59671094,0.59671094,0.0,-0.008573530113009197,0.0,32234.96973254148,-0.018524580092129463,3176.2787695640664,0.6132146613714116,16.089819844467886,-0.024921917567546407,13253.52619977759,5232.457243568006,-18981.443532763893,0.17505917802766124,0.0,0.0,6383.374155833813,0.07659369792938531,1.5018189716941618e-7,2.4163996693563076e-6,1.9106963275816762e6,358008.8822221743,0.0,0.0,0.0,0.0,0.0
89.0,0.2725790404779425,0.2725790404779425,0.0,0.5915507799999999,0.5915507799999999,0.0,-0.008647671182298216,0.0,31630.472301405935,-0.01875284624589864,3238.813560305171,0.6162844767377916,15.68525514364469,-0.025144141123637,11939.403518495905,4311.273085115419,-19691.068782910028,0.17162664512515807,0.0,0.0,6413.398626609087,0.07780220878298583,1.5148149234178909e-7,2.3760258569210204e-6,1.7802417827917857e6,354452.23672035395,0.0,0.0,0.0,0.0,0.0
90.0,0.23926948049519037,0.23926948049519037,0.0,0.58639062,0.58639062,0.0,-0.008723105732359899,0.0,31030.137532156972,-0.018979633422112327,3302.9141157676177,0.6193714890946024,15.287494490593238,-0.02535888956913885,10656.696614672861,3491.0419846796394,-20373.440917484113,0.16826141678937065,0.0,0.0,6444.160677462696,0.07904674222458215,1.5280389871650218e-7,2.335988759769694e-6,1.656764383401724e6,350922.4886121205,0.0,0.0,0.0,0.0,0.0
91.0,0.20720154437552374,0.20720154437552374,0.0,0.58123046,0.58123046,0.0,-0.008799867910574643,0.0,30434.20564358847,-0.019204938681013903,3368.59122092533,0.6224743342429726,14.896650396860512,-0.025566262278833313,9405.87583938389,2772.284901559189,-21028.32980420458,0.1649621733229124,0.0,0.0,6475.650795554965,0.08032818094323871,1.5414974149638855e-7,2.296314807838121e-6,1.5381018272386657e6,347419.3618486571,0.0,0.0,0.0,0.0,0.0
92.0,0.1769817743198408,0.1769817743198408,0.0,0.5760703,0.5760703,0.0,-0.008877993076962912,2.006743e6,29842.90658408398,-0.019428765988806405,3435.854925434827,0.6255916625194609,14.512817777951236,-0.0257663708742315,8187.334667493072,2152.440903237599,-21655.571916590907,0.16172762090481607,0.0,0.0,6507.859070017256,0.08164743230012016,1.5551966854088884e-7,2.257028610421295e-6,1.4218722327231648e6,343942.52258674265,0.0,0.0,0.0,0.0,0.0
93.0,0.14907704026465407,0.14907704026465407,0.0,0.5679725200000001,0.5679725200000001,0.0,-0.014056930204525286,0.0,29155.0056786484,-0.023050734133331953,3492.561033786773,0.62872214091072,14.136074636642872,-0.025959337950259034,7173.195099931079,1632.853936077474,-21981.81057871732,0.158556491083153,0.0,0.0,6518.093399261622,0.08300542930074338,1.5773411417072734e-7,2.22974121066215e-6,1.3052941660258654e6,338607.05675347924,0.0,0.0,0.0,0.0,0.0
94.0,0.12227009036740652,0.12227009036740652,0.0,0.55987474,0.55987474,0.0,-0.014257344703930488,0.0,28474.199028625637,-0.023351278251382758,3550.1335692835737,0.6318644549854877,13.766482783287268,-0.02614529583747145,6193.078473236577,1209.365928866322,-22281.12055538906,0.155447540277601,0.0,0.0,6528.333381473388,0.0844031315862141,1.6001292860828337e-7,2.202815226789307e-6,1.202199734480215e6,333293.9074616201,0.0,0.0,0.0,0.0,0.0
95.0,0.09757534938541167,0.09757534938541167,0.0,0.55177696,0.55177696,0.0,-0.014463556616253224,0.0,27800.6909704951,-0.023653274933333496,3608.5406195983414,0.6350173106471888,13.404088584804525,-0.026324385406757318,5247.156212256524,873.9849599579175,-22553.534758238577,0.15239954929176566,0.0,0.0,6538.539549174439,0.08584152644371858,1.623589743917032e-7,2.1762740752843984e-6,1.1105880588969525e6,328002.5595952089,0.0,0.0,0.0,0.0,0.0
96.0,0.07570694552281006,0.07570694552281006,0.0,0.54367918,0.54367918,0.0,-0.014675821186879465,0.0,27134.67271976768,-0.023956895583432242,3667.7477044297757,0.6381794357115379,13.048923734615725,-0.02649675492233246,4335.534865546859,616.0930848715143,-22799.137854220822,0.14941132283506436,0.0,0.0,6548.671028784638,0.08732162983665598,1.6477528508126918e-7,2.1501401283750453e-6,1.0288127998140367e6,322732.46391857136,0.0,0.0,0.0,0.0,0.0
97.0,0.05706278834454925,0.05706278834454925,0.0,0.5355814,0.5355814,0.0,-0.014894408868112356,798923.2,26476.32244243763,-0.024262326070011594,3727.7176713675485,0.6413495813144703,12.701006036338352,-0.026662558947634033,3458.2594995490294,423.6930697552598,-23018.062942888602,0.14648168905398468,0.0,0.0,6558.685490206091,0.08884448745490323,1.6726507817566066e-7,2.1244347675776718e-6,955513.9315245361,317483.04092261434,0.0,0.0,0.0,0.0,0.0
98.0,0.04174617729802804,0.04174617729802804,0.0,0.5274836199999999,0.5274836199999999,0.0,-0.015119606468783372,0.0,25825.805365124117,-0.024569767146770873,3788.410586034668,0.6445265231565238,12.360340194666735,-0.02682195730770866,2615.3171382016712,284.5427667355507,-23210.488226922447,0.14360949907253398,0.0,0.0,6568.539091608466,0.09041117578580998,1.698317692222768e-7,2.0991784434494725e-6,889565.9556069088,312253.68461831677,0.0,0.0,0.0,0.0,0.0
99.0,0.029616151700784403,0.029616151700784403,0.0,0.51938584,0.51938584,0.0,-0.015351718409758287,0.0,25183.273920433414,-0.02487943495301002,3849.7836161174832,0.6477090625904276,12.026918607468858,-0.026975114110673333,1806.640222463326,187.06768832272792,-23376.633697970086,0.14079362654169997,0.0,0.0,6578.186419209874,0.09202280320661661,1.7247898725203894e-7,2.0743907411789304e-6,830040.0496930946,307043.7662600072,0.0,0.0,0.0,0.0,0.0
100.0,0.02035472260592079,0.02035472260592079,0.0,0.51128806,0.51128806,0.0,-0.015591068096889094,0.0,24548.86792412199,-0.025191561602189966,3911.7909088689794,0.6508960275591692,11.700722153739148,-0.027122196829962537,1032.1100667579283,120.9944702574212,-23516.757857364064,0.13803296719774508,0.0,0.0,6587.580421833803,0.09368051109908261,1.7521059168558902e-7,2.0500904517053157e-6,776179.5785852256,301852.6379837206,0.0,0.0,0.0,0.0,0.0
101.0,0.013538642084339195,0.013538642084339195,0.0,0.50319028,0.50319028,0.0,-0.01583799942443415,0.0,23922.714780716502,-0.02550639586887934,3974.3834616427166,0.6540862733921802,11.381720972646193,-0.027263375448242227,291.56029186768797,77.69897632935681,-23631.154488848813,0.13532643842916184,0.0,0.0,6596.672340005141,0.09538547498719799,1.780306908766924e-7,2.026295648125941e-6,727391.204015904,296679.6363485275,0.0,0.0,0.0,0.0,0.0
102.0,0.008705155153058187,0.008705155153058187,0.0,0.4950925,0.4950925,0.0,-0.016092878423645225,0.0,23518.45742685218,-0.01689847316953274,4000.0,0.655875101396322,11.069875229496551,-0.02739882166318287,0.0,50.536595789864805,-23518.45742685218,0.13267297885211943,0.0,0.0,6585.651647835349,0.09636204723881904,1.8030504810007452e-7,2.0205135891060397e-6,683258.9019701028,292637.7278015768,0.0,0.0,0.0,0.0,0.0
103.0,0.005404478057181609,0.005404478057181609,0.0,0.48699472,0.48699472,0.0,-0.016356095073142896,0.0,23113.894778683916,-0.017201921062490824,4000.0,0.6571949006088986,10.765135864995482,-0.027528708154638187,0.0,34.28824830241865,-23113.894778683916,0.13007154789423472,0.0,0.0,6546.520115195091,0.09709226853558771,1.83302711122863e-7,2.030621313688088e-6,641768.9643761225,287470.7554943052,0.0,0.0,0.0,0.0,0.0
104.0,0.003235591619336375,0.003235591619336375,0.0,0.47889694,0.47889694,0.0,-0.016628065289907044,0.0,22709.209673858943,-0.017508304364099662,4000.0,0.6585359233973233,10.46744532471723,-0.02765320791224186,0.0,24.91828567293851,-22709.209673858943,0.12752112538650462,0.0,0.0,6507.077145641148,0.09784281887521831,1.8640176613389034e-7,2.0409224445226785e-6,603627.7328203493,282310.45904713194,0.0,0.0,0.0,0.0,0.0
105.0,0.0018654409386224635,0.0018654409386224635,0.0,0.47079916,0.47079916,0.0,-0.016909233122266346,0.0,22304.408218797205,-0.01782543121822995,4000.0,0.6598988549232159,10.17673826619802,-0.02777249362198731,0.0,19.716479406662984,-22304.408218797205,0.12502071116323982,0.0,0.0,6467.31474007572,0.0986146382856299,1.8960744700824962e-7,2.0514237772985327e-6,568468.5512022121,277156.95245825435,0.0,0.0,0.0,0.0,0.0
106.0,0.0010341789664926808,0.0010341789664926808,0.0,0.46270138,0.46270138,0.0,-0.017200073169204463,0.0,21899.496901044295,-0.018153869575058736,4000.0,0.6612844142394804,9.892942241531774,-0.027886737109951373,0.0,16.940529455307114,-21899.496901044295,0.12256932466984297,0.0,0.0,6427.224550991195,0.09940872790093928,1.9292535422786068e-7,2.062132462173808e-6,535974.0352448106,272010.3535083517,0.0,0.0,0.0,0.0,0.0
107.0,0.0005504305237321532,0.0005504305237321532,0.0,0.4546036,0.4546036,0.0,-0.017501093253709334,0.0,21494.482615216566,-0.01849422786550027,4000.0,0.6626933565762729,9.615978353779818,-0.027996108841030907,0.0,15.518819099943357,-21494.482615216566,0.12016600457827742,0.0,0.0,6386.797860871241,0.1002261551134625,1.9636148755747107e-7,2.07305602859764e-6,505868.3872275683,266870.78395068535,0.0,0.0,0.0,0.0,0.0
108.0,0.0002807689957644292,0.0002807689957644292,0.0,0.44650582,0.44650582,0.0,-0.01781283738184211,0.0,21089.372691091336,-0.018847158658215023,4000.0,0.6641264758240188,9.345761885900849,-0.028100777470318774,0.0,14.821238715343497,-21089.372691091336,0.11780980841007589,0.0,0.0,6346.025558840837,0.10106805926281079,1.9992228227951243e-7,2.084202412332772e-6,477911.0567245623,261738.36971415044,0.0,0.0,0.0,0.0,0.0
109.0,0.0001369985529470336,0.0001369985529470336,0.0,0.43840804,0.43840804,0.0,-0.018135889023798164,0.0,20684.17492405619,-0.01921336271923872,4000.0,0.6655846072343115,9.082202901266307,-0.028200909444542066,0.0,14.493946662736562,-20684.17492405619,0.11549981216674106,0.0,0.0,6304.898115388606,0.10193565792915173,2.0361464944844064e-7,2.0955799849172983e-6,451891.4884627934,256613.24112039982,0.0,0.0,0.0,0.0,0.0
110.0,6.381270941557809e-5,6.381270941557809e-5,0.0,0.43031026,0.43031026,0.0,-0.018470874758592472,0.0,20278.897608156873,-0.01959359352680635,4000.0,0.6670686303621493,8.825206815149148,-0.028296668650876152,0.0,14.347414610114356,-20278.897608156873,0.1132351099673932,0.0,0.0,6263.405554963439,0.10283025390751648,2.0744602069461187e-7,2.1071975858339932e-6,427624.75224783487,251495.53311628706,0.0,0.0,0.0,0.0,0.0
111.0,2.8309983991749812e-5,2.8309983991749812e-5,0.0,0.42221248,0.42221248,0.0,-0.018818468330269417,0.0,19873.549572012023,-0.019988662301929278,4000.0,0.6685794722759774,8.574674936862166,-0.028388216110349293,0.0,14.284955470040586,-19873.549572012023,0.11101481369352273,0.0,0.0,6221.5374262229425,0.10375324295149607,2.1142439818917784e-7,2.119064557690886e-6,404947.8917747079,246385.38552300143,0.0,0.0,0.0,0.0,0.0
112.0,1.1932444229043567e-5,1.1932444229043567e-5,0.0,0.4141147,0.4141147,0.0,-0.019179395170886467,0.0,19468.14021789598,-0.020399443624654866,4000.0,0.6701181110654659,8.330504982476572,-0.028475709713019864,0.0,14.259672118601884,-19468.14021789598,0.10883805264070856,0.0,0.0,6179.282769683074,0.10470612238809811,2.1555841047726064e-7,2.1311907847571454e-6,383716.86186528165,241282.94330342422,0.0,0.0,0.0,0.0,0.0
113.0,4.765139269003367e-6,4.765139269003367e-6,0.0,0.40601692,0.40601692,0.0,-0.019554437454164266,0.0,19062.679564328446,-0.020826881716971498,4000.0,0.6716855796809482,8.092591558274332,-0.028559303992098578,0.0,14.249979522031936,-19062.679564328446,0.10670397317716525,0.0,0.0,6136.630082486291,0.10569050072131968,2.198573749996575e-7,2.143586735245099e-6,363803.9493685873,236188.35684940772,0.0,0.0,0.0,0.0,0.0
114.0,1.7973807977990312e-6,1.7973807977990312e-6,0.0,0.39791914,0.39791914,0.0,-0.019944439753890056,0.0,18657.178292552955,-0.02127199748635013,4000.0,0.6732829701430567,7.8608266152806685,-0.028639149934200477,0.0,14.24647146634743,-18657.178292552955,0.10461173840898554,0.0,0.0,6093.567279968294,0.10670810836059565,2.243313682570511e-7,2.156263507783342e-6,345095.59322922817,231101.782290867,0.0,0.0,0.0,0.0,0.0
115.0,6.381500228736942e-7,6.381500228736942e-7,0.0,0.38982136,0.38982136,0.0,-0.02035031539322285,0.0,18251.6477973356,-0.021735896439346376,4000.0,0.6749114381664442,7.63509987538774,-0.028715394822999618,0.0,14.2452769141928,-18251.6477973356,0.1025605278519466,0.0,0.0,6050.081653660767,0.10776080963228306,2.2899130472944895e-7,2.1692328825887522e-6,327490.53528887534,226023.3818288019,0.0,0.0,0.0,0.0,0.0
116.0,2.124370029165402e-7,2.124370029165402e-7,0.0,0.38172358,0.38172358,0.0,-0.020773053585365357,0.0,17846.100242572553,-0.02221977759302653,4000.0,0.6765722082476955,7.415299229719774,-0.028788182113571117,0.0,14.244895713596634,-17846.100242572553,0.10054953710975156,0.0,0.0,6006.159825317902,0.1088506162584432,2.3384902585269192e-7,2.182507377918491e-6,310898.24616595404,220953.32409461305,0.0,0.0,0.0,0.0,0.0
117.0,6.601389367468244e-8,6.601389367468244e-8,0.0,0.3736258,0.3736258,0.0,-0.021213727483117492,0.0,17440.548622260696,-0.02272494353384836,4000.0,0.6782665792747864,7.201311110004927,-0.028857651334851554,0.0,14.244782218946057,-17440.548622260696,0.09857797755857996,0.0,0.0,5961.787696496982,0.10997970251825911,2.3891740057993034e-7,2.19610031246864e-6,295237.5807718808,215891.78453836348,0.0,0.0,0.0,0.0,0.0
118.0,1.9051372064496112e-8,1.9051372064496112e-8,0.0,0.36552802,0.36552802,0.0,-0.021673503275202084,0.0,17035.006827462148,-0.02325281179979194,4000.0,0.6799959307239186,6.993020833812818,-0.028923938017721126,0.0,14.244750853729784,-17035.006827462148,0.09664507603782349,0.0,0.0,5916.9503931563395,0.11115042234455166,2.4421043932716843e-7,2.2100258744863948e-6,280435.6262177481,210838.9458489693,0.0,0.0,0.0,0.0,0.0
119.0,5.076182075551119e-9,5.076182075551119e-9,0.0,0.35743024,0.35743024,0.0,-0.02215365049169144,0.0,16629.489719981895,-0.02380492779295613,4000.0,0.6817617295195137,6.790312924590771,-0.02898717364631736,0.0,14.24474285546603,-16629.489719981895,0.09475007454688576,0.0,0.0,5871.6322046556725,0.11236532865238033,2.4974342342858124e-7,2.2242991984806894e-6,266426.7114681408,205794.99840967235,0.0,0.0,0.0,0.0,0.0
120.0,1.2400997073620059e-9,1.2400997073620059e-9,0.0,0.34933246,0.34933246,0.0,-0.022655553710284833,0.0,16224.013213581067,-0.024382979467710876,4000.0,0.6835655376448515,6.593071407488205,-0.029047485630340545,0.0,14.244740986530815,-16224.013213581067,0.09289222994792722,0.0,0.0,5825.81651645205,0.11362719525031385,2.5553305262215985e-7,2.2389364505552273e-6,253151.55343913083,200760.14079258894,0.0,0.0,0.0,0.0,0.0
121.0,2.754861410289436e-10,2.754861410289436e-10,0.0,0.34123468,0.34123468,0.0,-0.02318072589074602,0.0,15818.594363668944,-0.02498881408533054,4000.0,0.6854090206046677,6.401180081999657,-0.029104997296192477,0.0,14.244740589663706,-15818.594363668944,0.09107081367443845,0.0,0.0,5779.485735677051,0.11493904174974312,2.615976135655859e-7,2.25395492355257e-6,240556.5185731844,195734.58029662448,0.0,0.0,0.0,0.0,0.0
122.0,5.50969637390933e-11,5.50969637390933e-11,0.0,0.3331369,0.3331369,0.0,-0.023730823607963875,0.0,15413.251466558231,-0.02562445738173028,4000.0,0.6872939568574277,6.214522772483858,-0.02915982789496674,0.0,14.244740513840952,-15413.251466558231,0.08928511144552788,0.0,0.0,5732.621208653109,0.11630416196624835,2.679571729666429e-7,2.2693731433937e-6,228592.98245677134,190718.5335336258,0.0,0.0,0.0,0.0,0.0
123.0,9.798978471908616e-12,9.798978471908616e-12,0.0,0.32503912,0.32503912,0.0,-0.02430766450669379,0.0,15008.00416953442,-0.02629213556289967,4000.0,0.6892222483545021,6.032983557631491,-0.02921209262538565,0.0,14.244740500966145,-15008.00416953442,0.08753442298581164,0.0,0.0,5685.203129256309,0.11772615640291603,2.746337996281759e-7,2.2852109882308696e-6,217216.7729358468,185712.22706831296,0.0,0.0,0.0,0.0,0.0
124.0,1.5257044757084202e-12,1.5257044757084202e-12,0.0,0.31694134,0.31694134,0.0,-0.024913247365424808,0.0,14602.873593186456,-0.026994300625952736,4000.0,0.6911959323467836,5.856446979958678,-0.02926190266994864,0.0,14.244740499052568,-14602.873593186456,0.08581806175079573,0.0,0.0,5637.210436853469,0.11920896952294051,2.8165182058822433e-7,2.3014898223111686e-6,206387.68455567176,180715.89811832106,0.0,0.0,0.0,0.0,0.0
125.0,2.037593889494245e-13,2.037593889494245e-13,0.0,0.30884356,0.30884356,0.0,-0.025549775236010545,0.0,14197.882467678597,-0.027733659606340975,4000.0,0.6932171946472636,5.684798236398817,-0.02930936524265642,0.0,14.244740498808824,-14197.882467678597,0.08413535465764287,0.0,0.0,5588.620702327011,0.12075693266339498,2.8903811762481846e-7,2.3182326467844594e-6,196069.05410454934,175729.79532159408,0.0,0.0,0.0,0.0,0.0
126.0,2.2699138244739313e-14,2.2699138244739313e-14,0.0,0.30074578,0.30074578,0.0,-0.026219682223582706,0.0,13793.055284920196,-0.028513208478798756,4000.0,0.6952883845717929,5.517923351053193,-0.029354583646812888,0.0,14.244740498783358,-13793.055284920196,0.0824856418212185,0.0,0.0,5539.410000444073,0.12237481362087103,2.968224717482452e-7,2.335464270095545e-6,186227.38865889987,170754.17957945503,0.0,0.0,0.0,0.0,0.0
127.0,2.0259512043264748e-15,2.0259512043264748e-15,0.0,0.292648,0.292648,0.0,-0.026925664592866435,0.0,13388.418468920763,-0.029336271597621897,4000.0,0.6974120318210617,5.355709331142262,-0.029397657341501453,0.0,14.24474049877972,-13388.418468920763,0.08086827629531225,0.0,0.0,5489.552766516654,0.12406787416208112,3.0503796499471834e-7,2.353211501093343e-6,176832.03892507203,165789.32498493942,0.0,0.0,0.0,0.0,0.0
128.0,1.3594740366391927e-16,1.3594740366391927e-16,0.0,0.28455022,0.28455022,0.0,-0.02767071703889997,0.0,12984.000567014404,-0.030206547759554808,4000.0,0.699590865616484,5.198044307175402,-0.029438682015484496,0.0,14.24474049877972,-12984.000567014404,0.07928262381893357,0.0,0.0,5439.02163492446,0.12584193699065638,3.1372145096069704e-7,2.3715033685910185e-6,167854.91287923453,160835.51984748055,0.0,0.0,0.0,0.0,0.0
129.0,6.111333362190567e-18,6.111333362190567e-18,0.0,0.27645244,0.27645244,0.0,-0.02845817515094523,0.0,12579.83246511574,-0.031128164221237296,4000.0,0.7018278364633666,5.044817658328732,-0.029477749667342217,0.0,14.24474049877972,-12579.83246511574,0.07772806256758193,0.0,0.0,5387.78725661603,0.1277034640513016,3.2291410820411297e-7,2.3903713718478288e-6,159270.25502237334,155893.0678268171,0.0,0.0,0.0,0.0,0.0
130.0,1.3936480161806885e-19,1.3936480161806885e-19,0.0,0.26835466,0.26835466,0.0,-0.02929176533945585,0.0,12175.947630748387,-0.03210574031787291,4000.0,0.7041261409893601,4.895920123988722,-0.0295149486907992,0.0,14.24474049877972,-12175.947630748387,0.07620398290939405,0.0,0.0,5335.818092145392,0.12965964849545034,3.326620940574588e-7,2.4098497673515636e-6,151056.0691775673,150962.28919111477,0.0,0.0,0.0,0.0,0.0
131.0,9.128115776378332e-23,9.128115776378332e-23,0.0,0.26025688,0.26025688,0.0,-0.030175663802521627,0.0,11772.382388291493,-0.033144462730584925,4000.0,0.7064892503984274,4.751243902384859,-0.02955036396427045,0.0,14.24474049877972,-11772.382388291493,0.07470978716607259,0.0,0.0,5283.0801761151615,0.13171852319705457,3.4301732077636703e-7,2.4299758984059156e-6,146043.522216843,146043.522216843,0.0,0.0,0.0,0.0,0.0
132.0,0.0,0.0,0.0,0.2521591,0.2521591,0.0,-0.03111456650060509,0.0,11369.17623175194,-0.03425017496378387,4000.0,0.7089209431952689,4.610682737198147,-0.029584076943757486,0.0,14.24474049877972,-11369.17623175194,0.07324488937850254,0.0,0.0,5229.536848047341,0.13388908943147246,3.5403838159520716e-7,2.4507905754304843e-6,0.0,141137.1247510094,0.0,0.0,0.0,0.0,0.0
133.0,0.0,0.0,0.0,0.24406132000000003,0.24406132000000003,0.0,-0.03211377261419476,0.0,10966.372181430332,-0.03542948425732511,4000.0,0.7114253429787014,4.474131992994345,-0.029616165758301897,0.0,14.24474049877972,-10966.372181430332,0.07180871507696326,0.0,0.0,5175.148443645481,0.1361814702667257,3.657916616007982e-7,2.4723385166420946e-6,0.0,136243.47596006695,0.0,0.0,0.0,0.0,0.0
134.0,0.0,0.0,0.0,0.23596354000000003,0.23596354000000003,0.0,-0.03317928461584981,0.0,10564.017192161667,-0.036689890021239895,4000.0,0.7140069622833413,4.34148872029207,-0.02964670530730213,0.0,14.24474049877972,-10564.017192161667,0.07040070105584634,0.0,0.0,5119.871939086141,0.1386070944361936,3.783526779490679e-7,2.494668861010805e-6,0.0,131362.9782943247,0.0,0.0,0.0,0.0,0.0
135.0,0.0,0.0,0.0,0.22786576000000003,0.22786576000000003,0.0,-0.03431792894783659,0.0,10162.162622446878,-0.03803993901230664,4000.0,0.7166707536784432,4.212651711036755,-0.02967576735904711,0.0,14.24474049877972,-10162.162622446878,0.06902029515279053,0.0,0.0,5063.660539304168,0.14117891806417576,3.918077066484183e-7,2.5178357682148224e-6,0.0,126496.05970221538,0.0,0.0,0.0,0.0,0.0
136.0,0.0,0.0,0.0,0.21976798000000003,0.21976798000000003,0.0,-0.03553750243125601,0.0,9760.864775841848,-0.03948941396771349,4000.0,0.7194221696261568,4.0875215452122085,-0.029703420649923925,0.0,14.24474049877972,-9760.864775841848,0.06766695603214758,0.0,0.0,5006.463199108285,0.14391169373936352,4.0625577005867873e-7,2.541899123948015e-6,0.0,121643.17613558026,0.0,0.0,0.0,0.0,0.0
137.0,0.0,0.0,0.0,0.21167020000000003,0.21167020000000003,0.0,-0.036846951043550555,0.0,9360.185528560609,-0.041049564406723575,4000.0,0.722267232979664,3.966000629282643,-0.02972973098378041,0.0,14.24474049877972,-9360.185528560609,0.06634015297269369,0.0,0.0,4948.224063235207,0.14682229927233703,4.2181108202898425e-7,2.5669253736255253e-6,0.0,116804.81439555986,0.0,0.0,0.0,0.0,0.0
138.0,0.0,0.0,0.0,0.20357242000000003,0.20357242000000003,0.0,-0.03825658973251784,0.0,8960.193060545644,-0.042733390998978854,4000.0,0.72521262049336,3.847993227119648,-0.029754761331023706,0.0,14.24474049877972,-8960.193060545644,0.06503936565950362,0.0,0.0,4888.88180792306,0.14993014231269852,4.38606078558071e-7,2.5929885136506455e-6,0.0,111981.49537920054,0.0,0.0,0.0,0.0,0.0
139.0,0.0,0.0,0.0,0.19547464000000003,0.19547464000000003,0.0,-0.0397783746933892,0.0,8560.962711488119,-0.04455599855492545,4000.0,0.7282657623624508,3.7334054840310107,-0.029778571927063985,0.0,14.24474049877972,-8560.962711488119,0.0637640839799055,0.0,0.0,4828.3688619816985,0.15325766224665782,4.5679520441222963e-7,2.620171277457977e-6,0.0,107173.77780010462,0.0,0.0,0.0,0.0,0.0
140.0,0.0,0.0,0.0,0.18737686000000003,0.18737686000000003,0.0,-0.041426243322407436,0.0,8162.577988756446,-0.04653503772386169,4000.0,0.7314349616644858,3.622145444471751,-0.029801220369754886,0.0,14.24474049877972,-8162.577988756446,0.06251380782343677,0.0,0.0,4766.610479271311,0.15683095804527686,4.7655968531225626e-7,2.6485665642519226e-6,0.0,102382.26247319285,0.0,0.0,0.0,0.0,0.0
141.0,0.0,0.0,0.0,0.17927908000000004,0.17927908000000004,0.0,-0.04321654232011358,0.0,7765.131761347258,-0.048691262485534695,4000.0,0.734729538720908,3.5141230639821286,-0.029822761715571137,0.0,14.24474049877972,-7765.131761347258,0.06128804688572232,0.0,0.0,4703.523626420793,0.16068058087932216,4.981135986472926e-7,2.6782791727436624e-6,0.0,97607.59727502435,0.0,0.0,0.0,0.0,0.0
142.0,0.0,0.0,0.0,0.17118130000000004,0.17118130000000004,0.0,-0.045168571815518005,0.0,7368.7276834197255,-0.05104924038774541,4000.0,0.7381600069492333,3.409250215863229,-0.029843248574243086,0.0,14.24474049877972,-7368.7276834197255,0.06008632047619835,0.0,0.0,4639.015638731185,0.16484254470970694,5.217116746846589e-7,2.7094279217457433e-6,0.0,92850.48291865396,0.0,0.0,0.0,0.0,0.0
143.0,0.0,0.0,0.0,0.16308352000000004,0.16308352000000004,0.0,-0.04730528392996196,0.0,6973.481903584332,-0.05363826657955219,4000.0,0.7417382889071429,3.307440693067697,-0.029862731201662072,0.0,14.24474049877972,-6973.481903584332,0.05890815732960622,0.0,0.0,4572.982582357886,0.169359628783225,5.47659432729564e-7,2.74214826640873e-6,0.0,88111.67971780495,0.0,0.0,0.0,0.0,0.0
144.0,0.0,0.0,0.0,0.15498574000000004,0.15498574000000004,0.0,-0.049654189460713115,0.0,6579.5251331527425,-0.05649355313148483,4000.0,0.7454779841940842,3.208610205751631,-0.02988125759086537,0.0,14.24474049877972,-6579.5251331527425,0.057753095421182565,0.0,0.0,4505.307240327943,0.17428307627480497,5.76326510755122e-7,2.7765955564687508e-6,0.0,83392.01556215895,0.0,0.0,0.0,0.0,0.0
145.0,0.0,0.0,0.0,0.14688796000000004,0.14688796000000004,0.0,-0.05224854880197363,0.0,6187.005169871609,-0.05965779525688173,4000.0,0.7493947050621793,3.1126763749034616,-0.029898873560958616,0.0,14.24474049877972,-6187.005169871609,0.0566206817854731,0.0,0.0,4435.856611123518,0.17967483844135196,6.081644279397466e-7,2.8129491361310594e-6,0.0,78692.39538797869,0.0,0.0,0.0,0.0,0.0
146.0,0.0,0.0,0.0,0.13879018000000004,0.13879018000000004,0.0,-0.05512895679128498,0.0,5796.090006034822,-0.06318326122311922,4000.0,0.7535065015975462,3.0195587224368614,-0.02991562284385835,0.0,14.24474049877972,-5796.090006034822,0.055510472338699116,0.0,0.0,4364.47876744276,0.1856105821286537,6.437306018480531e-7,2.8514175619291807e-6,0.0,74013.81251210804,0.0,0.0,0.0,0.0,0.0
147.0,0.0,0.0,0.0,0.13069240000000004,0.13069240000000004,0.0,-0.05834548236770063,0.0,5406.971695523716,-0.06713462180641787,4000.0,0.7578344071166182,2.9291786581074,-0.02993154716876061,0.0,14.24474049877972,-5406.971695523716,0.05442203170460698,0.0,0.0,4290.998863027989,0.19218378461040558,6.837213514043402e-7,2.8922453274263356e-6,0.0,69357.3623113496,0.0,0.0,0.0,0.0,0.0
148.0,0.0,0.0,0.0,0.12259462000000004,0.12259462000000004,0.0,-0.06196060367703092,0.0,5019.871219839896,-0.07159284299643924,4000.0,0.762403147519645,2.841459463586763,-0.029946686344257987,0.0,14.24474049877972,-5019.871219839896,0.05335493304373233,0.0,0.0,4215.213986972942,0.1995114081567777,7.290180712046708e-7,2.935721652030999e-6,0.0,64724.258886206466,0.0,0.0,0.0,0.0,0.0
149.0,0.0,0.0,0.0,0.11449684000000004,0.11449684000000004,0.0,-0.06605330641752465,0.0,4635.044689037556,-0.0766606380819892,4000.0,0.7672420783141577,2.756326274003823,-0.029961078338058382,0.0,14.24474049877972,-4635.044689037556,0.05230875788601208,0.0,0.0,4136.88643090013,0.2077419210615241,7.807531510562605e-7,2.9821921489305795e-6,0.0,60115.8555672455,0.0,0.0,0.0,0.0,0.0
150.0,0.0,0.0,0.0,0.10639906000000005,0.10639906000000005,0.0,-0.07072492131660574,0.0,4252.7913567185815,-0.08247025820981843,4000.0,0.7723864442420567,2.6737060572387223,-0.029974759354264264,0.0,14.24474049877972,-4252.7913567185815,0.05128309596667851,0.0,0.0,4055.73472628064,0.2170668920311184,8.404062548918174e-7,3.0320745916074984e-6,0.0,55533.67043313104,0.0,0.0,0.0,0.0,0.0
151.0,0.0,0.0,0.0,0.1,0.1,0.0,-0.060142072683725185,0.0,3953.0378970524534,-0.07048393267461286,4000.0,0.7766916876167794,2.5935275912343196,-0.029987763908201355,0.0,14.24474049877972,-3953.0378970524534,0.05027754506537109,0.0,0.0,3989.448533856512,0.22536516032378176,8.94370525181455e-7,3.0742008089047503e-6,0.0,51935.53295147289,0.0,0.0,0.0,0.0,0.0
152.0,0.0,0.0,0.0,0.1,0.1,0.0,0.0,0.0,3953.0378970524534,0.0,4000.0,0.7766916876167794,2.515721439568871,-0.030000124898774922,0.0,14.24474049877972,-3953.0378970524534,0.049291710848403024,0.0,0.0,3989.448533856512,0.22536516032378176,8.94370525181455e-7,3.0742008089047503e-6,0.0,51935.53295147289,0.0,0.0,0.0,0.0,0.0
153.0,0.0,0.0,0.0,0.1,0.1,0.0,0.0,0.0,3953.0378970524534,0.0,4000.0,0.7766916876167794,2.440219925514553,-0.030011873678374046,0.0,14.24474049877972,-3953.0378970524534,0.04832520671412061,0.0,0.0,3989.448533856512,0.22536516032378176,8.94370525181455e-7,3.0742008089047503e-6,0.0,51935.53295147289,0.0,0.0,0.0,0.0,0.0
154.0,0.0,0.0,0.0,0.1,0.1,0.0,0.0,0.0,3953.0378970524534,0.0,4000.0,0.7766916876167794,2.3669571047883986,-0.030023040120330902,0.0,14.24474049877972,-3953.0378970524534,0.04737765364129472,0.0,0.0,3989.448533856512,0.22536516032378176,8.94370525181455e-7,3.0742008089047503e-6,0.0,51935.53295147289,0.0,0.0,0.0,0.0,0.0
155.0,0.0,0.0,0.0,0.1,0.1,0.0,0.0,0.0,3953.0378970524534,0.0,4000.0,0.7766916876167794,2.295868737185352,-0.03003365268396018,0.0,14.24474049877972,-3953.0378970524534,0.04644868004048501,0.0,0.0,3989.448533856512,0.22536516032378176,8.94370525181455e-7,3.0742008089047503e-6,0.0,51935.53295147289,0.0,0.0,0.0,0.0,0.0
156.0,0.0,0.0,0.0,0.1,0.1,0.0,0.0,0.0,3953.0378970524534,0.0,4000.0,0.7766916876167794,2.226892257267361,-0.030043738477206403,0.0,14.24474049877972,-3953.0378970524534,0.04553792160831864,0.0,0.0,3989.448533856512,0.22536516032378176,8.94370525181455e-7,3.0742008089047503e-6,0.0,51935.53295147289,0.0,0.0,0.0,0.0,0.0
157.0,0.0,0.0,0.0,0.1,0.1,0.0,0.0,0.0,3953.0378970524534,0.0,4000.0,0.7766916876167794,2.1599667442676855,-0.030053323316953113,0.0,14.24474049877972,-3953.0378970524534,0.04464502118462611,0.0,0.0,3989.448533856512,0.22536516032378176,8.94370525181455e-7,3.0742008089047503e-6,0.0,51935.53295147289,0.0,0.0,0.0,0.0,0.0
158.0,0.0,0.0,0.0,0.1,0.1,0.0,0.0,0.0,3953.0378970524534,0.0,4000.0,0.7766916876167794,2.0950328913559257,-0.030062431787011124,0.0,14.24474049877972,-3953.0378970524534,0.04376962861237854,0.0,0.0,3989.448533856512,0.22536516032378176,8.94370525181455e-7,3.0742008089047503e-6,0.0,51935.53295147289,0.0,0.0,0.0,0.0,0.0
159.0,0.0,0.0,0.0,0.1,0.1,0.0,0.0,0.0,3953.0378970524534,0.0,4000.0,0.7766916876167794,2.0320329743964485,-0.030071087293862535,0.0,14.24474049877972,-3953.0378970524534,0.042911400600371116,0.0,0.0,3989.448533856512,0.22536516032378176,8.94370525181455e-7,3.0742008089047503e-6,0.0,51935.53295147289,0.0,0.0,0.0,0.0,0.0
160.0,0.0,0.0,0.0,0.1,0.1,0.0,0.0,0.0,3953.0378970524534,0.0,4000.0,0.7766916876167794,1.9709108203210632,-0.03007931212018823,0.0,14.24474049877972,-3953.0378970524534,0.04207000058859913,0.0,0.0,3989.448533856512,0.22536516032378176,8.94370525181455e-7,3.0742008089047503e-6,0.0,51935.53295147289,0.0,0.0,0.0,0.0,0.0
161.0,0.0,0.0,0.0,0.1,0.1,0.0,0.0,0.0,3953.0378970524534,0.0,4000.0,0.7766916876167794,1.9116117752257389,-0.030087127476252064,0.0,14.24474049877972,-3953.0378970524534,0.04124509861627366,0.0,0.0,3989.448533856512,0.22536516032378176,8.94370525181455e-7,3.0742008089047503e-6,0.0,51935.53295147289,0.0,0.0,0.0,0.0,0.0
162.0,0.0,0.0,0.0,0.1,0.1,0.0,0.0,0.0,3953.0378970524534,0.0,4000.0,0.7766916876167794,1.854082672290954,-0.03009455354918566,0.0,14.24474049877972,-3953.0378970524534,0.04043637119242515,0.0,0.0,3989.448533856512,0.22536516032378176,8.94370525181455e-7,3.0742008089047503e-6,0.0,51935.53295147289,0.0,0.0,0.0,0.0,0.0
163.0,0.0,0.0,0.0,0.1,0.1,0.0,0.0,0.0,3953.0378970524534,0.0,4000.0,0.7766916876167794,1.7982717996157809,-0.030101609550242842,0.0,14.24474049877972,-3953.0378970524534,0.03964350116904426,0.0,0.0,3989.448533856512,0.22536516032378176,8.94370525181455e-7,3.0742008089047503e-6,0.0,51935.53295147289,0.0,0.0,0.0,0.0,0.0
164.0,0.0,0.0,0.0,0.1,0.1,0.0,0.0,0.0,3953.0378970524534,0.0,4000.0,0.7766916876167794,1.7441288680470504,-0.030108313760077148,0.0,14.24474049877972,-3953.0378970524534,0.03886617761671006,0.0,0.0,3989.448533856512,0.22536516032378176,8.94370525181455e-7,3.0742008089047503e-6,0.0,51935.53295147289,0.0,0.0,0.0,0.0,0.0
165.0,0.0,0.0,0.0,0.1,0.1,0.0,0.0,0.0,3953.0378970524534,0.0,4000.0,0.7766916876167794,1.691604979076835,-0.030114683572107705,0.0,14.24474049877972,-3953.0378970524534,0.03810409570265692,0.0,0.0,3989.448533856512,0.22536516032378176,8.94370525181455e-7,3.0742008089047503e-6,0.0,51935.53295147289,0.0,0.0,0.0,0.0,0.0
166.0,0.0,0.0,0.0,0.1,0.1,0.0,0.0,0.0,3953.0378970524534,0.0,4000.0,0.7766916876167794,1.640652592874009,-0.03012073553403257,0.0,14.24474049877972,-3953.0378970524534,0.037356956571232273,0.0,0.0,3989.448533856512,0.22536516032378176,8.94370525181455e-7,3.0742008089047503e-6,0.0,51935.53295147289,0.0,0.0,0.0,0.0,0.0
167.0,0.0,0.0,0.0,0.1,0.1,0.0,0.0,0.0,3953.0378970524534,0.0,4000.0,0.7766916876167794,1.5912254965087358,-0.03012648538755509,0.0,14.24474049877972,-3953.0378970524534,0.03662446722669831,0.0,0.0,3989.448533856512,0.22536516032378176,8.94370525181455e-7,3.0742008089047503e-6,0.0,51935.53295147289,0.0,0.0,0.0,0.0,0.0
168.0,0.0,0.0,0.0,0.1,0.1,0.0,0.0,0.0,3953.0378970524534,0.0,4000.0,0.7766916876167794,1.543278772422387,-0.0301319481063792,0.0,14.24474049877972,-3953.0378970524534,0.03590634041833167,0.0,0.0,3989.448533856512,0.22536516032378176,8.94370525181455e-7,3.0742008089047503e-6,0.0,51935.53295147289,0.0,0.0,0.0,0.0,0.0
169.0,0.0,0.0,0.0,0.1,0.1,0.0,0.0,0.0,3953.0378970524534,0.0,4000.0,0.7766916876167794,1.496768767189533,-0.030137137932539814,0.0,14.24474049877972,-3953.0378970524534,0.03520229452777615,0.0,0.0,3989.448533856512,0.22536516032378176,8.94370525181455e-7,3.0742008089047503e-6,0.0,51935.53295147289,0.0,0.0,0.0,0.0,0.0
170.0,0.0,0.0,0.0,0.1,0.1,0.0,0.0,0.0,3953.0378970524534,0.0,4000.0,0.7766916876167794,1.4516530606132676,-0.030142068411127113,0.0,14.24474049877972,-3953.0378970524534,0.034512053458604065,0.0,0.0,3989.448533856512,0.22536516032378176,8.94370525181455e-7,3.0742008089047503e-6,0.0,51935.53295147289,0.0,0.0,0.0,0.0,0.0
171.0,0.0,0.0,0.0,0.1,0.1,0.0,0.0,0.0,3953.0378970524534,0.0,4000.0,0.7766916876167794,1.4078904351901935,-0.03014675242346546,0.0,14.24474049877972,-3953.0378970524534,0.0338353465280432,0.0,0.0,3989.448533856512,0.22536516032378176,8.94370525181455e-7,3.0742008089047503e-6,0.0,51935.53295147289,0.0,0.0,0.0,0.0,0.0
172.0,0.0,0.0,0.0,0.1,0.1,0.0,0.0,0.0,3953.0378970524534,0.0,4000.0,0.7766916876167794,1.3654408459768586,-0.03015120221880079,0.0,14.24474049877972,-3953.0378970524534,0.03317190836082667,0.0,0.0,3989.448533856512,0.22536516032378176,8.94370525181455e-7,3.0742008089047503e-6,0.0,51935.53295147289,0.0,0.0,0.0,0.0,0.0
173.0,0.0,0.0,0.0,0.1,0.1,0.0,0.0,0.0,3953.0378970524534,0.0,4000.0,0.7766916876167794,1.324265390885281,-0.03015542944456148,0.0,14.24474049877972,-3953.0378970524534,0.03252147878512418,0.0,0.0,3989.448533856512,0.22536516032378176,8.94370525181455e-7,3.0742008089047503e-6,0.0,51935.53295147289,0.0,0.0,0.0,0.0,0.0
174.0,0.0,0.0,0.0,0.1,0.1,0.0,0.0,0.0,3953.0378970524534,0.0,4000.0,0.7766916876167794,1.2843262814314038,-0.030159445175243653,0.0,14.24474049877972,-3953.0378970524534,0.0318838027305139,0.0,0.0,3989.448533856512,0.22536516032378176,8.94370525181455e-7,3.0742008089047503e-6,0.0,51935.53295147289,0.0,0.0,0.0,0.0,0.0
175.0,0.0,0.0,0.0,0.1,0.1,0.0,0.0,0.0,3953.0378970524534,0.0,4000.0,0.7766916876167794,1.2455868139568447,-0.03016325993997673,0.0,14.24474049877972,-3953.0378970524534,0.0312586301279548,0.0,0.0,3989.448533856512,0.22536516032378176,8.94370525181455e-7,3.0742008089047503e-6,0.0,51935.53295147289,0.0,0.0,0.0,0.0,0.0
176.0,0.0,0.0,0.0,0.1,0.1,0.0,0.0,0.0,3953.0378970524534,0.0,4000.0,0.7766916876167794,1.2080113413411393,-0.03016688374882494,0.0,14.24474049877972,-3953.0378970524534,0.030645715811720393,0.0,0.0,3989.448533856512,0.22536516032378176,8.94370525181455e-7,3.0742008089047503e-6,0.0,51935.53295147289,0.0,0.0,0.0,0.0,0.0
177.0,0.0,0.0,0.0,0.1,0.1,0.0,0.0,0.0,3953.0378970524534,0.0,4000.0,0.7766916876167794,1.1715652452187855,-0.030170326117875037,0.0,14.24474049877972,-3953.0378970524534,0.030044819423255285,0.0,0.0,3989.448533856512,0.22536516032378176,8.94370525181455e-7,3.0742008089047503e-6,0.0,51935.53295147289,0.0,0.0,0.0,0.0,0.0
178.0,0.0,0.0,0.0,0.1,0.1,0.0,0.0,0.0,3953.0378970524534,0.0,4000.0,0.7766916876167794,1.136214908712771,-0.030173596093158974,0.0,14.24474049877972,-3953.0378970524534,0.029455705316916946,0.0,0.0,3989.448533856512,0.22536516032378176,8.94370525181455e-7,3.0742008089047503e-6,0.0,51935.53295147289,0.0,0.0,0.0,0.0,0.0
179.0,0.0,0.0,0.0,0.1,0.1,0.0,0.0,0.0,3953.0378970524534,0.0,4000.0,0.7766916876167794,1.1019276896938766,-0.03017670227346238,0.0,14.24474049877972,-3953.0378970524534,0.02887814246756563,0.0,0.0,3989.448533856512,0.22536516032378176,8.94370525181455e-7,3.0742008089047503e-6,0.0,51935.53295147289,0.0,0.0,0.0,0.0,0.0
180.0,0.0,0.0,0.0,0.1,0.1,0.0,0.0,0.0,3953.0378970524534,0.0,4000.0,0.7766916876167794,1.0686718945728675,-0.030179652832072645,0.0,14.24474049877972,-3953.0378970524534,0.028311904379966304,0.0,0.0,3989.448533856512,0.22536516032378176,8.94370525181455e-7,3.0742008089047503e-6,0.0,51935.53295147289,0.0,0.0,0.0,0.0,0.0
181.0,0.0,0.0,0.0,0.1,0.1,0.0,0.0,0.0,3953.0378970524534,0.0,4000.0,0.7766916876167794,1.0364167526307482,-0.03018245553749799,0.0,14.24474049877972,-3953.0378970524534,0.027756768999966965,0.0,0.0,3989.448533856512,0.22536516032378176,8.94370525181455e-7,3.0742008089047503e-6,0.0,51935.53295147289,0.0,0.0,0.0,0.0,0.0
182.0,0.0,0.0,0.0,0.1,0.1,0.0,0.0,0.0,3953.0378970524534,0.0,4000.0,0.7766916876167794,1.0051323908904586,-0.03018511777321251,0.0,14.24474049877972,-3953.0378970524534,0.02721251862741859,0.0,0.0,3989.448533856512,0.22536516032378176,8.94370525181455e-7,3.0742008089047503e-6,0.0,51935.53295147289,0.0,0.0,0.0,0.0,0.0
183.0,0.0,0.0,0.0,0.1,0.1,0.0,0.0,0.0,3953.0378970524534,0.0,4000.0,0.7766916876167794,0.9747898095317947,-0.03018764655647303,0.0,14.24474049877972,-3953.0378970524534,0.02667893983080254,0.0,0.0,3989.448533856512,0.22536516032378176,8.94370525181455e-7,3.0742008089047503e-6,0.0,51935.53295147289,0.0,0.0,0.0,0.0,0.0
184.0,0.0,0.0,0.0,0.1,0.1,0.0,0.0,0.0,3953.0378970524534,0.0,4000.0,0.7766916876167794,0.9453608578499082,-0.030190048556233542,0.0,14.24474049877972,-3953.0378970524534,0.0261558233635319,0.0,0.0,3989.448533856512,0.22536516032378176,8.94370525181455e-7,3.0742008089047503e-6,0.0,51935.53295147289,0.0,0.0,0.0,0.0,0.0
185.0,0.0,0.0,0.0,0.1,0.1,0.0,0.0,0.0,3953.0378970524534,0.0,4000.0,0.7766916876167794,0.9168182107564262,-0.0301923301102166,0.0,14.24474049877972,-3953.0378970524534,0.02564296408189402,0.0,0.0,3989.448533856512,0.22536516032378176,8.94370525181455e-7,3.0742008089047503e-6,0.0,51935.53295147289,0.0,0.0,0.0,0.0,0.0
186.0,0.0,0.0,0.0,0.1,0.1,0.0,0.0,0.0,3953.0378970524534,0.0,4000.0,0.7766916876167794,0.8891353458210915,-0.030194497241164922,0.0,14.24474049877972,-3953.0378970524534,0.02514016086460198,0.0,0.0,3989.448533856512,0.22536516032378176,8.94370525181455e-7,3.0742008089047503e-6,0.0,51935.53295147289,0.0,0.0,0.0,0.0,0.0
187.0,0.0,0.0,0.0,0.1,0.1,0.0,0.0,0.0,3953.0378970524534,0.0,4000.0,0.7766916876167794,0.8622865208507828,-0.030196555672313958,0.0,14.24474049877972,-3953.0378970524534,0.02464721653392351,0.0,0.0,3989.448533856512,0.22536516032378176,8.94370525181455e-7,3.0742008089047503e-6,0.0,51935.53295147289,0.0,0.0,0.0,0.0,0.0
188.0,0.0,0.0,0.0,0.1,0.1,0.0,0.0,0.0,3953.0378970524534,0.0,4000.0,0.7766916876167794,0.8362467520018522,-0.030198510842125065,0.0,14.24474049877972,-3953.0378970524534,0.02416393777835638,0.0,0.0,3989.448533856512,0.22536516032378176,8.94370525181455e-7,3.0742008089047503e-6,0.0,51935.53295147289,0.0,0.0,0.0,0.0,0.0
189.0,0.0,0.0,0.0,0.1,0.1,0.0,0.0,0.0,3953.0378970524534,0.0,4000.0,0.7766916876167794,0.8109917924209035,-0.030200367918311224,0.0,14.24474049877972,-3953.0378970524534,0.02369013507681998,0.0,0.0,3989.448533856512,0.22536516032378176,8.94370525181455e-7,3.0742008089047503e-6,0.0,51935.53295147289,0.0,0.0,0.0,0.0,0.0
190.0,0.0,0.0,0.0,0.1,0.1,0.0,0.0,0.0,3953.0378970524534,0.0,4000.0,0.7766916876167794,0.786498111408423,-0.030202131811179075,0.0,14.24474049877972,-3953.0378970524534,0.023225622624333312,0.0,0.0,3989.448533856512,0.22536516032378176,8.94370525181455e-7,3.0742008089047503e-6,0.0,51935.53295147289,0.0,0.0,0.0,0.0,0.0
191.0,0.0,0.0,0.0,0.1,0.1,0.0,0.0,0.0,3953.0378970524534,0.0,4000.0,0.7766916876167794,0.7627428740990239,-0.030203807186338142,0.0,14.24474049877972,-3953.0378970524534,0.022770218259150304,0.0,0.0,3989.448533856512,0.22536516032378176,8.94370525181455e-7,3.0742008089047503e-6,0.0,51935.53295147289,0.0,0.0,0.0,0.0,0.0
192.0,0.0,0.0,0.0,0.1,0.1,0.0,0.0,0.0,3953.0378970524534,0.0,4000.0,0.7766916876167794,0.7397039216515394,-0.03020539847677867,0.0,14.24474049877972,-3953.0378970524534,0.022323743391323828,0.0,0.0,3989.448533856512,0.22536516032378176,8.94370525181455e-7,3.0742008089047503e-6,0.0,51935.53295147289,0.0,0.0,0.0,0.0,0.0
193.0,0.0,0.0,0.0,0.1,0.1,0.0,0.0,0.0,3953.0378970524534,0.0,4000.0,0.7766916876167794,0.71735975194169,-0.030206909894382503,0.0,14.24474049877972,-3953.0378970524534,0.021886022932670418,0.0,0.0,3989.448533856512,0.22536516032378176,8.94370525181455e-7,3.0742008089047503e-6,0.0,51935.53295147289,0.0,0.0,0.0,0.0,0.0
194.0,0.0,0.0,0.0,0.1,0.1,0.0,0.0,0.0,3953.0378970524534,0.0,4000.0,0.7766916876167794,0.6956895007496694,-0.030208345440854958,0.0,14.24474049877972,-3953.0378970524534,0.021456885228108253,0.0,0.0,3989.448533856512,0.22536516032378176,8.94370525181455e-7,3.0742008089047503e-6,0.0,51935.53295147289,0.0,0.0,0.0,0.0,0.0
195.0,0.0,0.0,0.0,0.1,0.1,0.0,0.0,0.0,3953.0378970524534,0.0,4000.0,0.7766916876167794,0.6746729234346143,-0.030209708918142123,0.0,14.24474049877972,-3953.0378970524534,0.02103616198834142,0.0,0.0,3989.448533856512,0.22536516032378176,8.94370525181455e-7,3.0742008089047503e-6,0.0,51935.53295147289,0.0,0.0,0.0,0.0,0.0
196.0,0.0,0.0,0.0,0.1,0.1,0.0,0.0,0.0,3953.0378970524534,0.0,4000.0,0.7766916876167794,0.6542903770876505,-0.03021100393832414,0.0,14.24474049877972,-3953.0378970524534,0.020623688223864137,0.0,0.0,3989.448533856512,0.22536516032378176,8.94370525181455e-7,3.0742008089047503e-6,0.0,51935.53295147289,0.0,0.0,0.0,0.0,0.0
197.0,0.0,0.0,0.0,0.1,0.1,0.0,0.0,0.0,3953.0378970524534,0.0,4000.0,0.7766916876167794,0.6345228031549436,-0.030212233933036705,0.0,14.24474049877972,-3953.0378970524534,0.02021930218025896,0.0,0.0,3989.448533856512,0.22536516032378176,8.94370525181455e-7,3.0742008089047503e-6,0.0,51935.53295147289,0.0,0.0,0.0,0.0,0.0
198.0,0.0,0.0,0.0,0.1,0.1,0.0,0.0,0.0,3953.0378970524534,0.0,4000.0,0.7766916876167794,0.615351710521992,-0.030213402162428207,0.0,14.24474049877972,-3953.0378970524534,0.019822845274763683,0.0,0.0,3989.448533856512,0.22536516032378176,8.94370525181455e-7,3.0742008089047503e-6,0.0,51935.53295147289,0.0,0.0,0.0,0.0,0.0
199.0,0.0,0.0,0.0,0.1,0.1,0.0,0.0,0.0,3953.0378970524534,0.0,4000.0,0.7766916876167794,0.5967591590502429,-0.03021451172367322,0.0,14.24474049877972,-3953.0378970524534,0.01943416203408204,0.0,0.0,3989.448533856512,0.22536516032378176,8.94370525181455e-7,3.0742008089047503e-6,0.0,51935.53295147289,0.0,0.0,0.0,0.0,0.0
200.0,0.0,0.0,0.0,0.1,0.1,0.0,0.0,0.0,3953.0378970524534,0.0,4000.0,0.7766916876167794,0.5787277435569804,-0.03021556555907735,0.0,14.24474049877972,-3953.0378970524534,0.019053100033413765,0.0,0.0,3989.448533856512,0.22536516032378176,8.94370525181455e-7,3.0742008089047503e-6,0.0,51935.53295147289,0.0,0.0,0.0,0.0,0.0
201.0,0.0,0.0,0.0,0.1,0.1,0.0,0.0,0.0,3953.0378970524534,0.0,4000.0,0.7766916876167794,0.5612405782293611,-0.030216566463773718,0.0,14.24474049877972,-3953.0378970524534,0.018679509836680163,0.0,0.0,3989.448533856512,0.22536516032378176,8.94370525181455e-7,3.0742008089047503e-6,0.0,51935.53295147289,0.0,0.0,0.0,0.0,0.0
202.0,0.0,0.0,0.0,0.1,0.1,0.0,0.0,0.0,3953.0378970524534,0.0,4000.0,0.7766916876167794,0.5442812814634027,-0.03021751709304899,0.0,14.24474049877972,-3953.0378970524534,0.018313244937921726,0.0,0.0,3989.448533856512,0.22536516032378176,8.94370525181455e-7,3.0742008089047503e-6,0.0,51935.53295147289,0.0,0.0,0.0,0.0,0.0
203.0,0.0,0.0,0.0,0.1,0.1,0.0,0.0,0.0,3953.0378970524534,0.0,4000.0,0.7766916876167794,0.5278339611187096,-0.030218419969305903,0.0,14.24474049877972,-3953.0378970524534,0.01795416170384483,0.0,0.0,3989.448533856512,0.22536516032378176,8.94370525181455e-7,3.0742008089047503e-6,0.0,51935.53295147289,0.0,0.0,0.0,0.0,0.0
204.0,0.0,0.0,0.0,0.1,0.1,0.0,0.0,0.0,3953.0378970524534,0.0,4000.0,0.7766916876167794,0.5118832001797141,-0.03021927748868016,0.0,14.24474049877972,-3953.0378970524534,0.01760211931749493,0.0,0.0,3989.448533856512,0.22536516032378176,8.94370525181455e-7,3.0742008089047503e-6,0.0,51935.53295147289,0.0,0.0,0.0,0.0,0.0
205.0,0.0,0.0,0.0,0.1,0.1,0.0,0.0,0.0,3953.0378970524534,0.0,4000.0,0.7766916876167794,0.49641404281422524,-0.030220091927334,0.0,14.24474049877972,-3953.0378970524534,0.017256979723034246,0.0,0.0,3989.448533856512,0.22536516032378176,8.94370525181455e-7,3.0742008089047503e-6,0.0,51935.53295147289,0.0,0.0,0.0,0.0,0.0
206.0,0.0,0.0,0.0,0.1,0.1,0.0,0.0,0.0,3953.0378970524534,0.0,4000.0,0.7766916876167794,0.481411980820117,-0.030220865447439658,0.0,14.24474049877972,-3953.0378970524534,0.0169186075716022,0.0,0.0,3989.448533856512,0.22536516032378176,8.94370525181455e-7,3.0742008089047503e-6,0.0,51935.53295147289,0.0,0.0,0.0,0.0,0.0
207.0,0.0,0.0,0.0,0.1,0.1,0.0,0.0,0.0,3953.0378970524534,0.0,4000.0,0.7766916876167794,0.46686294045104537,-0.030221600102860697,0.0,14.24474049877972,-3953.0378970524534,0.01658687016823745,0.0,0.0,3989.448533856512,0.22536516032378176,8.94370525181455e-7,3.0742008089047503e-6,0.0,51935.53295147289,0.0,0.0,0.0,0.0,0.0
208.0,0.0,0.0,0.0,0.1,0.1,0.0,0.0,0.0,3953.0378970524534,0.0,4000.0,0.7766916876167794,0.452753269612146,-0.030222297844561683,0.0,14.24474049877972,-3953.0378970524534,0.016261637419840637,0.0,0.0,3989.448533856512,0.22536516032378176,8.94370525181455e-7,3.0742008089047503e-6,0.0,51935.53295147289,0.0,0.0,0.0,0.0,0.0
209.0,0.0,0.0,0.0,0.1,0.1,0.0,0.0,0.0,3953.0378970524534,0.0,4000.0,0.7766916876167794,0.43906972541675804,-0.030222960525740812,0.0,14.24474049877972,-3953.0378970524534,0.015942781784157485,0.0,0.0,3989.448533856512,0.22536516032378176,8.94370525181455e-7,3.0742008089047503e-6,0.0,51935.53295147289,0.0,0.0,0.0,0.0,0.0
210.0,0.0,0.0,0.0,0.1,0.1,0.0,0.0,0.0,3953.0378970524534,0.0,4000.0,0.7766916876167794,0.42579946209530795,-0.030223589906715087,0.0,14.24474049877972,-3953.0378970524534,0.01563017821976224,0.0,0.0,3989.448533856512,0.22536516032378176,8.94370525181455e-7,3.0742008089047503e-6,0.0,51935.53295147289,0.0,0.0,0.0,0.0,0.0
211.0,0.0,0.0,0.0,0.1,0.1,0.0,0.0,0.0,3953.0378970524534,0.0,4000.0,0.7766916876167794,0.41293001924760026,-0.030224187659558588,0.0,14.24474049877972,-3953.0378970524534,0.015323704137021804,0.0,0.0,3989.448533856512,0.22536516032378176,8.94370525181455e-7,3.0742008089047503e-6,0.0,51935.53295147289,0.0,0.0,0.0,0.0,0.0
212.0,0.0,0.0,0.0,0.1,0.1,0.0,0.0,0.0,3953.0378970524534,0.0,4000.0,0.7766916876167794,0.40044931042987425,-0.03022475537251349,0.0,14.24474049877972,-3953.0378970524534,0.015023239350021375,0.0,0.0,3989.448533856512,0.22536516032378176,8.94370525181455e-7,3.0742008089047503e-6,0.0,51935.53295147289,0.0,0.0,0.0,0.0,0.0
213.0,0.0,0.0,0.0,0.1,0.1,0.0,0.0,0.0,3953.0378970524534,0.0,4000.0,0.7766916876167794,0.388345612068113,-0.030225294554180035,0.0,14.24474049877972,-3953.0378970524534,0.01472866602943272,0.0,0.0,3989.448533856512,0.22536516032378176,8.94370525181455e-7,3.0742008089047503e-6,0.0,51935.53295147289,0.0,0.0,0.0,0.0,0.0
214.0,0.0,0.0,0.0,0.1,0.1,0.0,0.0,0.0,3953.0378970524534,0.0,4000.0,0.7766916876167794,0.37660755268922136,-0.030225806637498177,0.0,14.24474049877972,-3953.0378970524534,0.014439868656306589,0.0,0.0,3989.448533856512,0.22536516032378176,8.94370525181455e-7,3.0742008089047503e-6,0.0,51935.53295147289,0.0,0.0,0.0,0.0,0.0
215.0,0.0,0.0,0.0,0.1,0.1,0.0,0.0,0.0,3953.0378970524534,0.0,4000.0,0.7766916876167794,0.3652241024618247,-0.030226292983535463,0.0,14.24474049877972,-3953.0378970524534,0.014156733976771163,0.0,0.0,3989.448533856512,0.22536516032378176,8.94370525181455e-7,3.0742008089047503e-6,0.0,51935.53295147289,0.0,0.0,0.0,0.0,0.0
216.0,0.0,0.0,0.0,0.1,0.1,0.0,0.0,0.0,3953.0378970524534,0.0,4000.0,0.7766916876167794,0.35418456303858864,-0.03022675488507761,0.0,14.24474049877972,-3953.0378970524534,0.013879150957618788,0.0,0.0,3989.448533856512,0.22536516032378176,8.94370525181455e-7,3.0742008089047503e-6,0.0,51935.53295147289,0.0,0.0,0.0,0.0,0.0
217.0,0.0,0.0,0.0,0.1,0.1,0.0,0.0,0.0,3953.0378970524534,0.0,4000.0,0.7766916876167794,0.3434785576920972,-0.030227193570051325,0.0,14.24474049877972,-3953.0378970524534,0.013607010742763517,0.0,0.0,3989.448533856512,0.22536516032378176,8.94370525181455e-7,3.0742008089047503e-6,0.0,51935.53295147289,0.0,0.0,0.0,0.0,0.0
218.0,0.0,0.0,0.0,0.1,0.1,0.0,0.0,0.0,3953.0378970524534,0.0,4000.0,0.7766916876167794,0.33309602173648495,-0.030227610204766824,0.0,14.24474049877972,-3953.0378970524534,0.013340206610552467,0.0,0.0,3989.448533856512,0.22536516032378176,8.94370525181455e-7,3.0742008089047503e-6,0.0,51935.53295147289,0.0,0.0,0.0,0.0,0.0
219.0,0.0,0.0,0.0,0.1,0.1,0.0,0.0,0.0,3953.0378970524534,0.0,4000.0,0.7766916876167794,0.32302719322716544,-0.0302280058970054,0.0,14.24474049877972,-3953.0378970524534,0.013078633931914182,0.0,0.0,3989.448533856512,0.22536516032378176,8.94370525181455e-7,3.0742008089047503e-6,0.0,51935.53295147289,0.0,0.0,0.0,0.0,0.0
220.0,0.0,0.0,0.0,0.1,0.1,0.0,0.0,0.0,3953.0378970524534,0.0,4000.0,0.7766916876167794,0.3132626039311545,-0.030228381698949057,0.0,14.24474049877972,-3953.0378970524534,0.01282219012932763,0.0,0.0,3989.448533856512,0.22536516032378176,8.94370525181455e-7,3.0742008089047503e-6,0.0,51935.53295147289,0.0,0.0,0.0,0.0,0.0
221.0,0.0,0.0,0.0,0.1,0.1,0.0,0.0,0.0,3953.0378970524534,0.0,4000.0,0.7766916876167794,0.3037930705606418,-0.03022873860996769,0.0,14.24474049877972,-3953.0378970524534,0.012570774636595715,0.0,0.0,3989.448533856512,0.22536516032378176,8.94370525181455e-7,3.0742008089047503e-6,0.0,51935.53295147289,0.0,0.0,0.0,0.0,0.0
222.0,0.0,0.0,0.0,0.1,0.1,0.0,0.0,0.0,3953.0378970524534,0.0,4000.0,0.7766916876167794,0.29460968626262196,-0.030229077579261972,0.0,14.24474049877972,-3953.0378970524534,0.012324288859407563,0.0,0.0,3989.448533856512,0.22536516032378176,8.94370525181455e-7,3.0742008089047503e-6,0.0,51935.53295147289,0.0,0.0,0.0,0.0,0.0
223.0,0.0,0.0,0.0,0.1,0.1,0.0,0.0,0.0,3953.0378970524534,0.0,4000.0,0.7766916876167794,0.28570381235755044,-0.0302293995083808,0.0,14.24474049877972,-3953.0378970524534,0.01208263613667408,0.0,0.0,3989.448533856512,0.22536516032378176,8.94370525181455e-7,3.0742008089047503e-6,0.0,51935.53295147289,0.0,0.0,0.0,0.0,0.0
224.0,0.0,0.0,0.0,0.1,0.1,0.0,0.0,0.0,3953.0378970524534,0.0,4000.0,0.7766916876167794,0.2770670703201502,-0.03022970525360572,0.0,14.24474049877972,-3953.0378970524534,0.011845721702621647,0.0,0.0,3989.448533856512,0.22536516032378176,8.94370525181455e-7,3.0742008089047503e-6,0.0,51935.53295147289,0.0,0.0,0.0,0.0,0.0
225.0,0.0,0.0,0.0,0.1,0.1,0.0,0.0,0.0,3953.0378970524534,0.0,4000.0,0.7766916876167794,0.26869133399564665,-0.030229995628226113,0.0,14.24474049877972,-3953.0378970524534,0.011613452649629066,0.0,0.0,3989.448533856512,0.22536516032378176,8.94370525181455e-7,3.0742008089047503e-6,0.0,51935.53295147289,0.0,0.0,0.0,0.0,0.0
226.0,0.0,0.0,0.0,0.1,0.1,0.0,0.0,0.0,3953.0378970524534,0.0,4000.0,0.7766916876167794,0.2605687220448709,-0.030230271404686763,0.0,14.24474049877972,-3953.0378970524534,0.011385737891793202,0.0,0.0,3989.448533856512,0.22536516032378176,8.94370525181455e-7,3.0742008089047503e-6,0.0,51935.53295147289,0.0,0.0,0.0,0.0,0.0
227.0,0.0,0.0,0.0,0.1,0.1,0.0,0.0,0.0,3953.0378970524534,0.0,4000.0,0.7766916876167794,0.2526915906118184,-0.030230533316642848,0.0,14.24474049877972,-3953.0378970524534,0.01116248812920902,0.0,0.0,3989.448533856512,0.22536516032378176,8.94370525181455e-7,3.0742008089047503e-6,0.0,51935.53295147289,0.0,0.0,0.0,0.0,0.0
228.0,0.0,0.0,0.0,0.1,0.1,0.0,0.0,0.0,3953.0378970524534,0.0,4000.0,0.7766916876167794,0.24505252620740992,-0.030230782060901715,0.0,14.24474049877972,-3953.0378970524534,0.01094361581295002,0.0,0.0,3989.448533856512,0.22536516032378176,8.94370525181455e-7,3.0742008089047503e-6,0.0,51935.53295147289,0.0,0.0,0.0,0.0,0.0
229.0,0.0,0.0,0.0,0.1,0.1,0.0,0.0,0.0,3953.0378970524534,0.0,4000.0,0.7766916876167794,0.2376443388033507,-0.030231018299272706,0.0,14.24474049877972,-3953.0378970524534,0.010729035110735313,0.0,0.0,3989.448533856512,0.22536516032378176,8.94370525181455e-7,3.0742008089047503e-6,0.0,51935.53295147289,0.0,0.0,0.0,0.0,0.0
230.0,0.0,0.0,0.0,0.1,0.1,0.0,0.0,0.0,3953.0378970524534,0.0,4000.0,0.7766916876167794,0.23046005513013493,-0.030231242660321594,0.0,14.24474049877972,-3953.0378970524534,0.010518661873269913,0.0,0.0,3989.448533856512,0.22536516032378176,8.94370525181455e-7,3.0742008089047503e-6,0.0,51935.53295147289,0.0,0.0,0.0,0.0,0.0
231.0,0.0,0.0,0.0,0.1,0.1,0.0,0.0,0.0,3953.0378970524534,0.0,4000.0,0.7766916876167794,0.22349291217339076,-0.030231455741039363,0.0,14.24474049877972,-3953.0378970524534,0.010312413601245013,0.0,0.0,3989.448533856512,0.22536516032378176,8.94370525181455e-7,3.0742008089047503e-6,0.0,51935.53295147289,0.0,0.0,0.0,0.0,0.0
232.0,0.0,0.0,0.0,0.1,0.1,0.0,0.0,0.0,3953.0378970524534,0.0,4000.0,0.7766916876167794,0.21673635086290813,-0.03023165810842692,0.0,14.24474049877972,-3953.0378970524534,0.010110209412985306,0.0,0.0,3989.448533856512,0.22536516032378176,8.94370525181455e-7,3.0742008089047503e-6,0.0,51935.53295147289,0.0,0.0,0.0,0.0,0.0
233.0,0.0,0.0,0.0,0.1,0.1,0.0,0.0,0.0,3953.0378970524534,0.0,4000.0,0.7766916876167794,0.21018400994883588,-0.030231850300999084,0.0,14.24474049877972,-3953.0378970524534,0.009911970012730692,0.0,0.0,3989.448533856512,0.22536516032378176,8.94370525181455e-7,3.0742008089047503e-6,0.0,51935.53295147289,0.0,0.0,0.0,0.0,0.0
234.0,0.0,0.0,0.0,0.1,0.1,0.0,0.0,0.0,3953.0378970524534,0.0,4000.0,0.7766916876167794,0.2038297200596766,-0.03023203283021426,0.0,14.24474049877972,-3953.0378970524534,0.009717617659539894,0.0,0.0,3989.448533856512,0.22536516032378176,8.94370525181455e-7,3.0742008089047503e-6,0.0,51935.53295147289,0.0,0.0,0.0,0.0,0.0
235.0,0.0,0.0,0.0,0.1,0.1,0.0,0.0,0.0,3953.0378970524534,0.0,4000.0,0.7766916876167794,0.1976674979368467,-0.03023220618183514,0.0,14.24474049877972,-3953.0378970524534,0.009527076136803817,0.0,0.0,3989.448533856512,0.22536516032378176,8.94370525181455e-7,3.0742008089047503e-6,0.0,51935.53295147289,0.0,0.0,0.0,0.0,0.0
236.0,0.0,0.0,0.0,0.1,0.1,0.0,0.0,0.0,3953.0378970524534,0.0,4000.0,0.7766916876167794,0.19169154084070933,-0.03023237081721272,0.0,14.24474049877972,-3953.0378970524534,0.009340270722356683,0.0,0.0,3989.448533856512,0.22536516032378176,8.94370525181455e-7,3.0742008089047503e-6,0.0,51935.53295147289,0.0,0.0,0.0,0.0,0.0
237.0,0.0,0.0,0.0,0.1,0.1,0.0,0.0,0.0,3953.0378970524534,0.0,4000.0,0.7766916876167794,0.18589622112311688,-0.0302325271745205,0.0,14.24474049877972,-3953.0378970524534,0.009157128159173218,0.0,0.0,3989.448533856512,0.22536516032378176,8.94370525181455e-7,3.0742008089047503e-6,0.0,51935.53295147289,0.0,0.0,0.0,0.0,0.0
238.0,0.0,0.0,0.0,0.1,0.1,0.0,0.0,0.0,3953.0378970524534,0.0,4000.0,0.7766916876167794,0.18027608096164,-0.03023267566990902,0.0,14.24474049877972,-3953.0378970524534,0.00897757662664041,0.0,0.0,3989.448533856512,0.22536516032378176,8.94370525181455e-7,3.0742008089047503e-6,0.0,51935.53295147289,0.0,0.0,0.0,0.0,0.0
239.0,0.0,0.0,0.0,0.1,0.1,0.0,0.0,0.0,3953.0378970524534,0.0,4000.0,0.7766916876167794,0.1748258272507815,-0.030232816698618107,0.0,14.24474049877972,-3953.0378970524534,0.008801545712392559,0.0,0.0,3989.448533856512,0.22536516032378176,8.94370525181455e-7,3.0742008089047503e-6,0.0,51935.53295147289,0.0,0.0,0.0,0.0,0.0
240.0,0.0,0.0,0.0,0.1,0.1,0.0,0.0,0.0,3953.0378970524534,0.0,4000.0,0.7766916876167794,0.1695403266456063,-0.030232950636025428,0.0,14.24474049877972,-3953.0378970524534,0.008628966384698586,0.0,0.0,3989.448533856512,0.22536516032378176,8.94370525181455e-7,3.0742008089047503e-6,0.0,51935.53295147289,0.0,0.0,0.0,0.0,0.0
